NK_PermissionHolder;FAX;AdditionalInformation;NAME;STREET;PostOfficeBox;NK_CodetableCity;Phone;NK_CodetableCountry
000066FC-10BC-4ACE-9E3A-345571CC087A;;;Comagri SRL;Via Piani d'Isarco 4 ;;175F429F-5D83-4EB6-9E5B-9A6D07D16E83;;BE1D323D-29E4-4570-8618-5463896BE5D2
011F9A0F-8D5A-49CC-AA94-8CE0646A53CE;;;Scotts Celaflor;Karolingerstrasse 7b ;;4EDAA65F-AA1A-4DCF-BDFC-609104C58BD2;;29738AA2-5393-438D-BE07-9D6B56D2ACCF
018C0DAB-6CB8-4F46-B684-4F59117A4F6A;;;Syngenta Agro AG ;Schaffhauserstr. 101;Postfach;7C7276F7-7AE4-4389-9865-C0DC767AB2DC;+41 (0)61 323 56 70 ;6698DCFD-D86E-4098-A5A4-DA5B71062093
01A7FE62-324D-4F62-A28D-C9D4876C9856;;;Syngenta Agro GmbH;Anton-Baumgartner-Strasse 125 ;;9BF7EEBE-F520-45DA-BBAE-F1209DEABFF2;;29738AA2-5393-438D-BE07-9D6B56D2ACCF
01BDE041-94AD-40BA-9229-5AD014CD52BB;;;BASF SE;Carl-Bosch-Strasse 38  ;;B1D7BDB0-A5EC-4E38-A648-891BD22C188B;;56CCE907-F002-4B0C-B948-98299B1FEA6E
028D7443-0B72-4C38-A408-BF99DBD07703;;;BASF Italia SpA;Via Marconato ;;57437E55-EC8D-472E-845F-D81BF81D1C5A;;BE1D323D-29E4-4570-8618-5463896BE5D2
03361EE4-E719-4BB0-BD5E-FCB7203381A4;;;Läubli Feuerwerk AG;Mosenstrasse 32;;443F61AD-1BE3-4541-A29E-A0E8669F8982;041 917 17 10;6698DCFD-D86E-4098-A5A4-DA5B71062093
04E09A42-96A6-4B6D-B7AC-17915227AC2A;;;Monsanto International Sàrl;Rue du Sablon 2-4;;FBC9527E-15A1-44BF-90AD-73DA6EE6492D;021/653 17 84;6698DCFD-D86E-4098-A5A4-DA5B71062093
04FDF35E-6B86-429B-B942-D654D14DA1F9;;;Syngenta Agro GmbH;am Technologiepark 1 - 5 ;;BB2AB7AB-2156-4166-8894-1C9EDD2BEA78;;56CCE907-F002-4B0C-B948-98299B1FEA6E
057A1A10-25C5-4609-8053-23F2F67B666F;;;S.D.P.J.;105 rue de l'Abbé Groult ;;49016BF3-1DE4-415F-A980-D53838AC3694;;C3FFE09F-F38F-42B3-8601-CE60DB2A37F5
0609C86A-D309-47DC-841A-777C41FB5B04;;;Dow Agro Science GmbH;Truderingerstrasse 15 ;;5C5D41BC-484B-42A2-A8D0-C1C871B625AA;;56CCE907-F002-4B0C-B948-98299B1FEA6E
066239D5-BCB5-4AC0-A0A1-9157D59087DD;;;Migros-Genossenschafts-Bund;Limmatstrasse 152;266;BB9C34C8-23D4-4503-8ECB-4AB52C8EF38D;;6698DCFD-D86E-4098-A5A4-DA5B71062093
0891DE1F-2F9C-491E-BE74-6B381F6ADD48;;;BASF;Carl-Bosch-Str. 64 ;;53803A92-7768-4017-BE19-987401A79D94;+49 4141 9204 248;56CCE907-F002-4B0C-B948-98299B1FEA6E
08CC2BF4-E63F-46FE-9FF6-0AC7CAA506BC;;;Agrowin Biosciences S.R.L.;Via Montegrappa 7 ;;D8975AE6-B42C-4FDE-B243-C7424CB301BB;;BE1D323D-29E4-4570-8618-5463896BE5D2
0933EFA5-31C3-4264-9E1F-B71AE70EFC27;;;OGET Innovations GmbH ;Europapark 1 ;8412;1A5F429B-3170-450F-BB4D-05402EAF0752;;29738AA2-5393-438D-BE07-9D6B56D2ACCF
0A5D3EDB-8A4A-4C93-B860-DAE06CBDD8A6;;;ISK Biosciences (Schweiz) GmbH;Archivstrasse 18;;2B8372BD-B62D-43BE-AA69-904ADF6D6DE3;;6698DCFD-D86E-4098-A5A4-DA5B71062093
0A9B2D73-3E4F-4B88-8516-DF314AC69884;;;BASF Agro SAS;21, chemin de la Sauvegard ;;6173E059-6A38-45DC-A65D-0B34945AEAA4;;C3FFE09F-F38F-42B3-8601-CE60DB2A37F5
0B05ECC7-28FE-4D7A-8540-115AE0D662DA;;;Du Pont De Nemours Italiana;Centro Direzionale Villa Fiorita - Via Piero Gobet ;;E026FF15-120D-4574-919F-F0A08C5CC46F;;BE1D323D-29E4-4570-8618-5463896BE5D2
0C82B53F-8303-434A-8F3C-8F9DCB4E86E2;;;Stähler Agrochemie GmbH & Co. KG;Stader Elbstrasse ;Postfach 2047;5AF27D3C-2F1F-4089-A394-0B1FDCD7230D;0049 41 41 92 04 0;56CCE907-F002-4B0C-B948-98299B1FEA6E
0E17C62D-7A30-4758-A1B4-35431B0D3280;;;Luxan B.V.;Industrieweg 2 ;;42C9D9F3-4FB6-445F-A671-FEBF609EE79A;0031 481 360811;51F6122D-47EC-4051-97CC-01D7CF8E4758
0E6926A2-7CD6-4A8F-A713-A23376F0E25D;;;Helarion Industries;35 rue du Corps Franc Pomiès ;BP 29;73CF287D-6097-4C7E-8739-1E8667BFEC73;0033 5 53 47 04 02;C3FFE09F-F38F-42B3-8601-CE60DB2A37F5
0F472504-D8B0-47EA-8CBE-1D597AA82524;;;Phyto - Service;15, rue du Pont, Pontijou - RD 924 ;;4126D111-467E-42E4-85C1-C85F9FDC87B5;;C3FFE09F-F38F-42B3-8601-CE60DB2A37F5
0FD68747-72EA-45EE-9ECF-BF5BC055D8C5;;;Crompton Registrations Ltd.;Kennet House, 4 Langley Quay ;;C47FDF07-0A1D-4C5C-AD3D-9044355F21C6;;DAC731AC-BB70-4164-B500-83559938B481
112A67B6-94A0-41A3-A9CB-1B2A0F206FF8;;;Nufarm SAS;11 rue du Débarcadère ;;7045AA08-321A-467E-B608-9EDF09992E66;;C3FFE09F-F38F-42B3-8601-CE60DB2A37F5
1192722A-427A-4B69-9E7B-C2FD5239CACC;;;Luxembourg Pamol (Cyprus) LTD.;3 Demetriou Vikella Street ;;2A1D0F4D-71BC-42BE-AE88-FA6D20E69602;;FB4131DC-DCA0-4E96-9664-E1D2484E4306
124995F6-6203-4E05-895C-762E2689486D;;;Novozymes Switzerland AG;Gewerbestrasse 7A;;29E25C80-2C22-4300-A92E-7855FD0177E8;;6698DCFD-D86E-4098-A5A4-DA5B71062093
12583A4F-AD02-4629-996F-44047FA794AE;;;Cerexagri s.a.s;Bd de la Louisiane 1 ;;D29A566B-B221-45B2-BD56-B92A91557B2D;+33 557 77 69 29;C3FFE09F-F38F-42B3-8601-CE60DB2A37F5
140D5D74-2402-404E-8FAE-C0124542751A;;;Argchemical SNC;Via Rossini 9a ;;B80A9E0F-C905-47DF-9627-FFC5FBAA0A37;;BE1D323D-29E4-4570-8618-5463896BE5D2
153B1980-C4E0-439A-86F7-58F66EA9215A;;;Makhteshim Agan France;2, Rue Troyon ;;2EF9C033-98B4-4738-9865-D9A550EAFBE4;;C3FFE09F-F38F-42B3-8601-CE60DB2A37F5
15A918E9-9590-4DB0-8475-5982A7D9415F;;;Crop Protection Company S.A.;1 Route du Vin ;;C411ACB2-94EE-492E-9B8E-F64B89D3AFF7;;C9DE192C-796F-4B51-BEDE-4B2CBAB63A5F
15BAC516-7F05-4353-82D7-A2BA41438215;;;Stähler Suisse SA;Henzmannstrasse 17A;;E9AA4653-0686-4C06-B25A-1EBE72D2DCAE;+41 62 746 80 05 / +41 62 746 80 00;6698DCFD-D86E-4098-A5A4-DA5B71062093
15CCF8FF-91DC-4A14-BD07-25BE74423C8E;;;Tomen France S.A.;18 avenue de l'opéra ;;E907B427-C0A7-4960-A3F9-E0EC9F1B0941;;C3FFE09F-F38F-42B3-8601-CE60DB2A37F5
15FA81A3-86BA-42AD-A7DD-C45CCDAB7DEF;;;CBC (Europe) S.r.l.;E.Majorana ;;76B476C2-75F7-4311-B01A-BEA7033B8BE7;;BE1D323D-29E4-4570-8618-5463896BE5D2
169DD8BE-5713-48C9-B139-F88E12BDDE34;;;Monsanto Agrar Deutschland GmbH;Vogelsanger Weg 91 ;;5E61051A-1013-4555-BB18-AD557A54A403;;56CCE907-F002-4B0C-B948-98299B1FEA6E
16DCD8AE-8BD0-4FAE-90E2-AE2D310AE4A1;;;Bayer CropScience AG;Alfred-Nobel-Str. 50 ;;CFA42B21-1997-4C04-940E-A9D476746FB5;0049 2173 / 38 33 74;56CCE907-F002-4B0C-B948-98299B1FEA6E
17486103-B818-49E6-9667-AF90F13F5CC0;;;Rovagro SA;Route de Bettens 19;;FD54A8A1-8943-4AFF-A184-B4D91CAA65E0;;6698DCFD-D86E-4098-A5A4-DA5B71062093
176D6C63-AD68-4B5E-8CA2-394A7E12822D;;;Glanzit-Gesellschaft Pfeiffer & Co.;Industriegebiet Nord I/4, Langgewann 80 ;;4CD8E0C8-2A50-47D4-A1F3-202870EE39E2;;56CCE907-F002-4B0C-B948-98299B1FEA6E
1794C153-E2BE-4043-946E-C5F953D9261E;;;ADAMA Agan Ltd.,;Ha'ashlag St.  ;;D8D47577-A338-4974-ACC2-6C5E075C5EFA;;E4D16808-543E-47EC-9BCC-50A0CAEC7C9B
1827D662-5367-4121-8758-243F379B89F9;;;Agriphar S.A.;Rue de Renory, 26/1 ;;26918A8D-CB1B-4D6A-BD3C-3227C89FD1E5;;9E495CC6-2D2C-4E76-B183-8D98611AEBA4
18386E3D-BF3B-4409-A27A-80B143DD15AB;;;ISK Biosciences Europe S.A.;Olfener Str. 36 ;;24607323-F894-4C50-B724-8DAD45015B6F;;56CCE907-F002-4B0C-B948-98299B1FEA6E
1B26C54A-FAE0-40A1-BEAF-F43B46D0CC56;;;Arysta LifeScience Germany GmbH;Elisabethstrasse 44 ;;91849348-35A4-4699-A678-44F597720262;;56CCE907-F002-4B0C-B948-98299B1FEA6E
1B4DBDF1-6712-47A0-A792-FC8D8B5234B1;;;HERBEX Produtos quimicos L.D.A;Estrada dal Albarraque ;;E34B98AA-2DD8-4C30-BA89-26313D23B320;;BE1D323D-29E4-4570-8618-5463896BE5D2
1B53AFC4-75A4-4A40-975B-C1A3FBF4C2BA;;;Florendi Jardin;LE DOMINANT, CHATEAUBERNARD ;BP 130;85702DF1-A4F0-4893-89B1-E5D9B84BD572;;C3FFE09F-F38F-42B3-8601-CE60DB2A37F5
1BB25B6F-6185-4A5F-9C1C-B6E7406D3333;;;Agria Reisebüro-Handelsgesellschaft m.b.H.;Marktplatz 16 ;;0670123D-8066-460B-8D44-1FE17C1D5176;;29738AA2-5393-438D-BE07-9D6B56D2ACCF
1BCAFD53-2E65-4CEF-A5F0-798223F02438;;;ADAMA Agan Ltd;P.O. Box 262 ;;0FC04E94-2EAC-4A4E-8C8C-CDB1CFD18EC0;;E4D16808-543E-47EC-9BCC-50A0CAEC7C9B
1C045F37-B688-43EC-BEAB-E0A64A479F45;;;DU PONT DE NEMOURS ITALIANA S.R.L.;VIA PONTACCIO, 10 ;;8213F13E-D235-4E63-A20F-CF2E56867558;;BE1D323D-29E4-4570-8618-5463896BE5D2
1CA8733C-F6A1-4182-987D-661CD24CE402;;;Quene Plant Protection N.V.;Kaya W.F.G. (Jombi) Mensing 34 P.O. Box 403 ;;A8973880-BA32-469A-9B3E-B5ECCE7B069B;;51F6122D-47EC-4051-97CC-01D7CF8E4758
1CD67336-1783-4F66-A889-89F35EFF6C81;;;Agrimport;Via Piani 1 ;;B6944EC1-2841-49E5-AEFF-426D701C0B6C;;BE1D323D-29E4-4570-8618-5463896BE5D2
1CED4440-F01E-412E-A875-A213842B94A2;;;SCAE - Valent BioSciences Sàrl (Switzerland);Rue du Grand-Chêne  2;1016;54C4F4AA-6843-4C9B-8FC8-5D283A00590A;+41 22 990 21 25;6698DCFD-D86E-4098-A5A4-DA5B71062093
1D2221F8-B8AC-4CA1-ACB9-65096E6351B1;;;Wuithom;178 rue Michelet ;;125F650C-90D4-4859-B31F-1989A456E153;;C3FFE09F-F38F-42B3-8601-CE60DB2A37F5
1D52610E-016C-41D8-A5BA-2878F03A6593;;;UPL Switzerland AG;Blegi 3;;99D22E18-FA6E-4A2E-8F74-5C894F95B33D;+49(0) 2232 56934144 ;6698DCFD-D86E-4098-A5A4-DA5B71062093
1E000D3E-1A03-45D8-B8B0-9AE6CFA91DA0;;;Plant Chem srl;Corsa Porta Borsari 1/A ;;957BAAD1-967C-4579-8E12-D96F6AAFFCA9;;BE1D323D-29E4-4570-8618-5463896BE5D2
1E2E9CB1-6B6F-4693-8E8D-C7E8654B50EC;;;Sharda Cropchem Ltd.;29th Road, Bandra (West) ;;8BC38510-853B-4076-B73E-DED908ADB5FD;;CDA1F206-EDB0-40D2-8FF6-15B29EAD6C7F
1E41C239-BE78-4EBD-A3C0-E1EEFB8DF351;;;DormFresh Ltd. ;84 burghmuir road ;;AA70E8E2-D1D6-4F9D-BC7A-49DF1EF334C1;;DAC731AC-BB70-4164-B500-83559938B481
1E7CC59B-D3B6-439C-A98C-27B0425FFAA2;;;Corteva Agriscience Germany GmbH;Riedenburger Str. 7 ;;A2A3F0B6-7321-407C-AF26-7C351A05C8BB;;56CCE907-F002-4B0C-B948-98299B1FEA6E
1F2C9311-4B2E-4FBB-B8E1-7AE69170C7A5;;;ISK Biosciences Europe S.A. (B);Tour Itt., Avenue Louise 480, boite 12 ;;F3AC652F-FCF5-41E3-B315-81C74A41218F;;9E495CC6-2D2C-4E76-B183-8D98611AEBA4
1F547073-DAAC-4F36-BD7F-CD89F76AF7BF;;;Caminada Sementi SA;Via Pré d'là 3;;2A81984F-8F02-4B3C-B239-244DEC1548B2;;6698DCFD-D86E-4098-A5A4-DA5B71062093
1F589397-11D5-4AC1-B113-84C713BD54E0;;;Leu + Gygax AG;Baslerstrasse  42;;745D8CCB-0341-4BA5-BEF5-EAF62B51BDB7;056 201 45 45;6698DCFD-D86E-4098-A5A4-DA5B71062093
20ABB6CA-70F4-4E49-AABF-82C9A5F932EE;;;Baslini S.P.A.;Via Barozzi 8 ;;DDFED264-9D08-4AD8-AC2C-F5FFB9FF5E1F;;BE1D323D-29E4-4570-8618-5463896BE5D2
20CD2969-0578-4E34-86E7-A6ED756874F3;;;ADAMA Italia srl;Via Zanica, 19 ;;1B0E8CD2-C06C-4760-8D74-4E15302F75E7;;BE1D323D-29E4-4570-8618-5463896BE5D2
20F129D2-0B7D-4A34-BD6F-7676257D5FF2;;;Biolchim S.P.A;Via S.Carlo 2130 ;;A42023C8-86F8-40F0-BA26-7F00586A35FF;;BE1D323D-29E4-4570-8618-5463896BE5D2
21BEFDA9-8316-491D-9D00-CB6BA019BD01;;;Nufarm S.A.S.;Notre-Dame-de-la-Garenne ;;7BECD4D0-2EF3-451C-B4C4-6222EBDE65DF;;C3FFE09F-F38F-42B3-8601-CE60DB2A37F5
21E5EB98-A51B-414B-AF34-89FB8D835019;;;Douglas Switzerland GmbH;Zählerweg 6;;CC266499-EA7B-4279-94F3-A6EDD3CD299C;041 726 82 00 ;6698DCFD-D86E-4098-A5A4-DA5B71062093
222DDEBE-A53A-4ED9-BA7C-2E96A81F400D;;;Monsanto Agricoltura Italia S.P.A.;Via G. Spadolini 5, Palazzo A ;;FFA464AA-7F03-4D25-B4AD-1F28458E7BB9;;BE1D323D-29E4-4570-8618-5463896BE5D2
22578E7F-56F8-4E35-825A-FBFE5296734D;;;Hauert HBG Dünger AG;Dorfstrasse 12;;19B88C6C-1907-497A-B5C1-C602C24A306D;032 389 10 10;6698DCFD-D86E-4098-A5A4-DA5B71062093
227467F4-5D3E-44EE-B9C7-AD03C924311F;;;AgrEvo Austria Vertriebs GmbH.;Ignaz-Köck-Strasse 8 ;;57C124D6-3DC0-4C31-8472-5B701A4BB02C;;29738AA2-5393-438D-BE07-9D6B56D2ACCF
23C3EDDD-DE98-46A9-8C9D-05EEB5DD0049;;;DormFresh Europe Limited;Nova Atria North, 5th floor, Blackthorn Road ;;5738CBD7-4E36-41B5-989E-CEC80AEB7874;;2E460BBE-6A62-40A2-8C1F-F7A7145A42C2
244FB025-D76B-47E8-9ED2-867492BAE58C;;;Huntjens B.V.;445 Rue Raymond Poincaré ;;81827B6D-EF39-4D84-9341-7BA7B0C8189C;;C3FFE09F-F38F-42B3-8601-CE60DB2A37F5
24692C6E-1B43-4B68-8FD6-087D60B9450C;;;Agriguard Ltd.;Broomfield Business Park, Malahide ;;E936F1C8-41A6-42BD-8D99-EB944BC9946D;;2E460BBE-6A62-40A2-8C1F-F7A7145A42C2
2517CE53-17C4-49EE-97C8-8C81C737EF71;;;Endres / Merath;Bahnhofplatz 5 ;;0EB1D83C-684D-468E-AF7F-F442F9989618;;56CCE907-F002-4B0C-B948-98299B1FEA6E
25D3D0D5-1E95-474E-AEA3-C752B1A9BEC7;;;Cheminova Deutschland GmbH & Co. KG;Stader Elbstrasse  26;;3A7C9472-32A0-4139-856F-DB9BFCFBB152;+49 4141 9204 248;56CCE907-F002-4B0C-B948-98299B1FEA6E
25F8CA2B-94F1-4FBD-B15C-6A88D200D521;;;Schweizerische Südostbahn;Bahnhofplatz 1a;;9C73A59F-5F97-41FA-A036-34BD90F84878;058 580 75 86;6698DCFD-D86E-4098-A5A4-DA5B71062093
25FD239A-E9DD-4255-8FB4-EA1CB665E380;;;AgrEvo France S.A.;Les Algorithmes - Bât. Thalès ;;217644E2-FCAD-4399-AE86-2F91087667E5;;C3FFE09F-F38F-42B3-8601-CE60DB2A37F5
26D45526-B1C1-40CD-B5B9-18532330482D;;;J.S.B. John et Stephen B.;38, avenue Hoche ;;016E3A65-FBA3-4682-9B0B-2F45CC3115C8;;C3FFE09F-F38F-42B3-8601-CE60DB2A37F5
27C30AA5-FB71-4C4F-B2D3-868146745F0B;;;Agrotech;Anzendorf 4, an der Bahn 5 ;;5B2C6B98-D48C-4A8E-A70E-A5E008A9B483;;29738AA2-5393-438D-BE07-9D6B56D2ACCF
27FF8976-13C2-44B6-8DEA-28B53DCFE97F;;;PHYTORUS;P.A.. de la Malnoue, 57, bv. de l'Europe ;;1FE0487E-483B-4C14-8FD8-8DED20DA7102;;C3FFE09F-F38F-42B3-8601-CE60DB2A37F5
28DCC974-015B-48EB-A11F-0EA0F267E9B2;;;Nufarm Italia S.R.L.;Viale Luigi Majno 17/A ;;1954A30A-C270-4FC2-93B5-AA1FAC1D9AFB;;BE1D323D-29E4-4570-8618-5463896BE5D2
292C91B6-1BA1-459B-9051-0FB663286B97;;;Stöber Adalbert Landesprodukte;Mühlweg 101 ;;EC41F23C-2AAF-482E-B136-FE0A933537B6;;29738AA2-5393-438D-BE07-9D6B56D2ACCF
2B7D4FA6-1E82-40F5-86D9-3B1497D93FB9;;;Belchim Crop Protection N.V.;Neringstraat 15 ;;ADEB79FE-66DF-407A-AB00-7A73BA94BDF6;;9E495CC6-2D2C-4E76-B183-8D98611AEBA4
2BD1E7CB-0B34-43B5-AB57-2FA880A66927;;;Nufarm Crop Products UK Ltd.;Wyke Lane ;;AB0E43A9-D8AD-448A-A6AA-6A31253CF1F2;;DAC731AC-BB70-4164-B500-83559938B481
2C4B5B38-12E5-4E47-8F44-CB6F62142556;;;UPL Holdings Coöperatief U.A.;Claudius Prinsenlaan 144A ;;7C8AB882-E8E4-414D-B090-BA45F439C7F1;;51F6122D-47EC-4051-97CC-01D7CF8E4758
2C865C9C-2072-4249-8F1E-7C6114EEBBEE;;;Agribort Phyto SA;Route de l'Usine 14;;3E600982-E417-4B23-BC70-FB8ED0DDFB1A;027 306 94 14;6698DCFD-D86E-4098-A5A4-DA5B71062093
2C943C9F-78B8-4CBD-977C-856790C5A000;;;Polyplant Limited;Lane End Road ;P.O.Box 53;3DF4BB42-8AE1-43CC-9955-3361E2E12A59;;DAC731AC-BB70-4164-B500-83559938B481
2D32C9B1-8A98-4E94-A8E1-935A7E9C1C82;;;Indofil Industries NV;Piet Heinkade 55 ;;99A3B125-1788-4A92-8FB4-ACCBEBB420A0;;51F6122D-47EC-4051-97CC-01D7CF8E4758
2D42C2A3-CDE2-403A-A89B-1E7CA9F806A0;;;Albaugh Europe Sàrl;Avenue Gratta-Paille 2;;7CA0CB19-7013-46A6-8625-61B52F574A09;+41 21 799 91 30;6698DCFD-D86E-4098-A5A4-DA5B71062093
2DF8800C-6B3C-470B-BC4A-6326560275AA;;;COMPO Italia Srl;Via Marvonato 8 ;;AE53BC6D-F1C2-43A9-945E-BA7AEE074E1A;;BE1D323D-29E4-4570-8618-5463896BE5D2
2EA3C6FA-5BE7-44A5-8202-BBC71D4DD0F2;;;Renovita Wilen GmbH;Weidstrasse 11;;AE41950B-F309-4BD3-9E58-F0890D173313;071 955 00 55;6698DCFD-D86E-4098-A5A4-DA5B71062093
30632587-6D18-41DF-9154-4BB053019717;;;Phytheron 2000;14 rue Durfort de Duras ;BP 38;03C84A2F-53CE-4D45-AEAF-12A7C3017CEE;;C3FFE09F-F38F-42B3-8601-CE60DB2A37F5
307FAE72-DDA8-4B13-82E3-0B8D4D3BCD17;;;Arxada AG;Lonzastrasse 2;;32C65211-73CC-4F70-9D34-4C4D3D98295B;061 316 83 06;6698DCFD-D86E-4098-A5A4-DA5B71062093
30DF27D0-AA6F-4DD5-ADA8-6758B4B7D056;;;Triophyt; ;;6373F81B-C901-418F-A7E1-4E882EA76F64;;C3FFE09F-F38F-42B3-8601-CE60DB2A37F5
30FF5452-29F8-4F78-9F42-CCD78807C382;;;afaplant handels gmbh & Co KG; ;;52880409-4EC6-475D-83DE-58CF187B5F75;-31,99997043;29738AA2-5393-438D-BE07-9D6B56D2ACCF
316632FC-9642-4B6A-90A7-B39642ECD86D;;;MR Personal & Service GmbH;Italienische Strasse 126;;EBFE1D04-937E-4E73-89BC-710B64BDDE09;;6698DCFD-D86E-4098-A5A4-DA5B71062093
31731D1B-B267-4131-BD39-A4BF5EB2A93F;;;ADAMA Deutschland GmbH;Edmund-Rumpler-Str. 6 ;;9B47E471-0E9D-48A9-86CB-8EB6F5B3D733;;56CCE907-F002-4B0C-B948-98299B1FEA6E
31BAC041-D940-4D84-930E-207F602699D9;;;Agrochimica S.P.A.;VIA COPERNICO, 11 ;;CEAA5E3D-AF47-4ACC-9060-F45E52B6AEFB;;BE1D323D-29E4-4570-8618-5463896BE5D2
31EE96E5-1E95-41ED-9F21-4098CB6C5784;;;Milentus BV; ;;3978B6B1-A645-458F-9F9D-C8EDE1E7A74A;;51F6122D-47EC-4051-97CC-01D7CF8E4758
327AC3DF-11C9-4EB9-871B-F060CFD1A243;;;CALLIOPE S.A.;Route d'Artix ;BP 80;21302DB3-2610-4A06-A983-0288DA6CAC77;;C3FFE09F-F38F-42B3-8601-CE60DB2A37F5
328E89CA-D6A8-4A5D-A21C-9F464EF59EFC;;;Griffin LLC;55, avenue René Cassin ;CP 310;6ADE3488-4C28-41D1-A5AC-C15888F20193;;C3FFE09F-F38F-42B3-8601-CE60DB2A37F5
32911DDF-66CC-4879-BD38-8D4AD9CC7316;;;ONE Agriculture AG;Baarerstrasse 38;;A522CF26-8250-4C94-BDA0-DBBE1BD9F756;;6698DCFD-D86E-4098-A5A4-DA5B71062093
32C5DB6D-1F36-4C00-8058-086300C03D7B;;;UNCAA;83-85, avenue de la Grande-Armée ;;8862D957-9A40-4179-B258-53A88FFA7A01;;C3FFE09F-F38F-42B3-8601-CE60DB2A37F5
338F6831-499D-49B6-B9E0-235CDD248DCF;;;Xeda International S.A,;Z.a. la Crau ;;EF2DC69C-333A-4186-B5DC-DAE598DEB627;;C3FFE09F-F38F-42B3-8601-CE60DB2A37F5
33A0EE2C-04EB-4D4E-917E-8F246342EDC4;;;Nufarm Deutschland GmbH;Im MediaPark 4 d ;;C7AA3C73-06E1-44DE-A851-BFAE1BA5E7BD;;56CCE907-F002-4B0C-B948-98299B1FEA6E
33A41DBA-EA4D-40EB-BAB9-32858C853782;;;Syngenta France SAS;12 Che de l'Hobit ;;B40B9062-AF16-4523-A6BE-3C05BD86119D;;C3FFE09F-F38F-42B3-8601-CE60DB2A37F5
34AF8C15-EC18-43F2-A056-21C2F9B85193;;;United Phosphorus Limited;Birchwood Park ;;B74B70AD-2EB0-4008-A0B7-D1C3A6FC52EB;;DAC731AC-BB70-4164-B500-83559938B481
352E997E-D2B1-44CD-90ED-BAEFF2B2AB7F;;;Evergreen Garden Care Österreich GmbH;Franz-Brötzner-Straße 11-13 ;;7BFBB51D-B173-46C3-BCE1-CA5CB24838EE;;29738AA2-5393-438D-BE07-9D6B56D2ACCF
353714A9-4C7D-4783-B66D-3BFF2F3F7DCD;;;Certis Europe BV;5 rue Galilée ;;DAE7DE3C-5437-4D10-B1BA-FAF56F9D7E0C;;C3FFE09F-F38F-42B3-8601-CE60DB2A37F5
356251BB-766A-48A6-B877-B26569FF08E1;;;Erragi S.R.L;C.So M. d'Azeglio 112 ;;040CACED-B174-4912-8736-6276955A0FBB;;BE1D323D-29E4-4570-8618-5463896BE5D2
357E140D-A093-4FD8-8B89-9727E2AC4D5A;;;Castaldo SA;Via G. Porzio, Isola G1  ;;E37A7576-4561-48B5-8A4C-143FB2002F8F;;BE1D323D-29E4-4570-8618-5463896BE5D2
35F64DB2-D2C9-4951-BFC5-AF117F137DA8;;;Conas SRL;Via Andrea Costa 27 ;;5649F837-5F64-4E50-8142-CC06385E2482;;BE1D323D-29E4-4570-8618-5463896BE5D2
362648D9-2048-4220-ABDB-B4EF677AFA2B;;;BHS;1 rue du Gué Malaye ;;7EFAF838-A98F-4459-8ECF-B534F1F1C70F;;C3FFE09F-F38F-42B3-8601-CE60DB2A37F5
366E1A06-9A8F-41F0-AA88-6643BE28EB96;;;CerexAgri B.V.;Tankhoofd 10;;1CA30073-3B8D-43A1-98BA-29F3AC4854FF;;51F6122D-47EC-4051-97CC-01D7CF8E4758
36BDD401-1E76-4B3C-AD79-D30FA5F3BFA3;;;Sipcam;Viale Gian Galeazzo 3 ;;BDE357E9-E874-49AF-874D-8BAE5D74A3DA;58189,1;BE1D323D-29E4-4570-8618-5463896BE5D2
36C84F56-7BE0-4BA6-A877-3FCB6951450D;;;Opst Partner Steiermark  GmbH;Ludwig-Binderstrasse 3a ;;E4BEB006-A0FE-464A-8188-4462F1A9A4F9;;29738AA2-5393-438D-BE07-9D6B56D2ACCF
3741A067-F02B-40A0-8FA5-616E795E0800;;;KRONI AG;Bafflesstrasse 5 ;;7D017394-EC49-430A-9332-8D41AD10E47B;;6698DCFD-D86E-4098-A5A4-DA5B71062093
376164EE-DB03-443F-9DA4-8D32AAAA2BB6;;;Eurozolfi;Zona Ind. 14' Strada  ;;6EADDABF-CFAA-4B6D-A287-37DAAD54FD09;;BE1D323D-29E4-4570-8618-5463896BE5D2
37653A8C-2FCF-4E38-AA14-EA1FE5B2FFB8;;;Sariaf S.P.A;Via Morgagni 68 ;;5CDB57BB-D576-485D-A93E-E93198330611;;BE1D323D-29E4-4570-8618-5463896BE5D2
3822E0AD-AD7B-4BA7-895F-6E460DB110E6;;;Bourgeois (Ets);BP 7 ;;71EE77DC-C3DC-41F8-85B4-D3955B1E0A50;;C3FFE09F-F38F-42B3-8601-CE60DB2A37F5
3911D0E7-8464-4621-9D52-F303AB1EF220;;;JUMBO;Industriestrasse 34;Postfach;97EDC334-D08A-49FD-A797-2675CF7CAAA3;;6698DCFD-D86E-4098-A5A4-DA5B71062093
39CEE8FA-51E4-4AF4-A1AA-4B27ECCC0076;;;Sepran;Via Fossangio Z.I Sud ;;107A3B85-8A8C-415E-812D-42236FF8906E;;BE1D323D-29E4-4570-8618-5463896BE5D2
3A27D3F2-DCD9-4C15-BFB9-890D0B59A023;;;Atena SARL;8 Rue de Servolles ;;6235DAEF-FA29-4301-AAAD-0112ED5FDE9E;;C3FFE09F-F38F-42B3-8601-CE60DB2A37F5
3A45660B-A244-4046-BAA8-DD0BF0103611;;;Regaber Holding AG;Industriestrasse 9;;05E5AF9B-F0E8-45CB-BB14-0CF5BFDF8D4A;;6698DCFD-D86E-4098-A5A4-DA5B71062093
3AEA0E67-7F50-4825-B8BB-CFBAD94D019B;;;Desinfecta AG;Bernapark 23;;22070657-61D5-46AB-8A8F-755A71F4EC2A;;6698DCFD-D86E-4098-A5A4-DA5B71062093
3B49C947-3932-48EB-AB14-7729BEF5F8A9;;;Cave des Hauts de Gironde;la Cafourche ;;2724BAB6-7BD5-4E1D-89B6-577060972EDB;;C3FFE09F-F38F-42B3-8601-CE60DB2A37F5
3B71468D-0008-48C3-8FD9-1829D0FFF7C1;;;COMMERCIAL QUIMICA MASSO' S.A.;Viladomat 321 5° ;;45E52B9D-54AE-4D81-8571-58C200DC86F6;;BEB87459-DB4C-4C85-84EB-BEF7C6E012EF
3B948DFC-2323-44DD-9EAA-9114F6CE2B2C;;;Syngenta Agro SAS;20, rue de Marat ;;A1D9601F-F3D2-474F-8C5B-35F4D5A3DAC2;;C3FFE09F-F38F-42B3-8601-CE60DB2A37F5
3BE0C4F6-DA51-454C-9863-AAA773CAB04F;;;Agribio S.R.L;Via Laghi 57/8 ;;F238F478-4B45-4F78-85AE-0DF2F6C6F59A;;BE1D323D-29E4-4570-8618-5463896BE5D2
3BF53F73-6CAA-4E3A-836F-E2CDCF7EEAC3;;;Belchim Crop Protection Italia S.P.A.;Viale Milanfiori, Strada 6, Palazzo N3 ;;939CA957-6A4D-498F-9B83-9AFCB6D88B76;;BE1D323D-29E4-4570-8618-5463896BE5D2
3C2DDC32-A8AD-40EB-B0DA-DDFB0D1484CB;;;Cheminova Agro France S.A.S;19 Bd Eugène Duruelle ;;9B3466CB-274B-49AC-90E4-1C57057957CA;;C3FFE09F-F38F-42B3-8601-CE60DB2A37F5
3CA063B7-B2FE-4867-8EF0-8B25AED5E042;;;WASGOM;Wydimattstrasse 22;;7172254F-8E90-410D-9047-CA86CC25BEFF;079 426 98 04 ;6698DCFD-D86E-4098-A5A4-DA5B71062093
3CA276CB-90A8-46A6-827F-382E978B0517;;;Iticon NV;Tijdokstraat 12 ;;7923B765-2540-43FA-9F50-DBC73B6898B8;;9E495CC6-2D2C-4E76-B183-8D98611AEBA4
3D02AAB6-ABBE-4ED4-8693-6DB25608F367;;;Medena AG;Industriestr. 16;;C70C2C4F-B16F-4297-B85D-AFFA4859F3C2;044 762 57 57;6698DCFD-D86E-4098-A5A4-DA5B71062093
3D09D88B-62C8-4577-9BC9-A961757930A5;;;Agrimotion S. A. ;ul Bydgoskich Przemyslowcow 6 ;;C297B8A8-7C36-41B9-941C-CDBA08A6FFAD;;13CA0E2A-04AB-4BCD-A462-D4EA82B6FA74
3D0D954C-4EC1-4C71-9266-B70DEE134B29;;;808 Biozide Schweiz GmbH;Hauptstrasse 84;;7D7B95EC-23DF-4E51-9D72-010BF2AB198F;044 3210 20 05 ;6698DCFD-D86E-4098-A5A4-DA5B71062093
3E80D237-535F-42A2-9EC2-2C2714AE7AF3;;;Syngenta Agro SAS;1 Avenue des prés ;;447C73F7-5176-4ADD-9749-8D4776C1714B;;C3FFE09F-F38F-42B3-8601-CE60DB2A37F5
3F98B3A7-56C5-42DE-B59E-7C6F84BEC0E6;;;W. Neudorff GmbH KG;An der Mühle 3 ;;FC326115-F15A-451D-A5F9-2BBC8A1AD8E0;0049 5155 624-126;56CCE907-F002-4B0C-B948-98299B1FEA6E
3FAB8BC5-245B-432B-9EEB-73F900C64F4F;;;Bayer CropScience S.r.l.;Viale Certosa 130 ;;5F9469A5-744E-41BD-A5B9-CA75992862A4;;BE1D323D-29E4-4570-8618-5463896BE5D2
40234975-E548-4F5E-9EC9-FC13EF885FFC;;;Zenith Crop Sciences S.A.;Aubündt 36; ;12889126-709F-4509-9602-447A8B9A0B9B;;A806BBC8-E72F-4DDE-944F-5BC460A94C28
40CD665A-3B61-47C9-9485-0DFFA23167BC;;;Genetti S.A.S.;Goldeggstrasse 2A ;;F94B200A-0087-4107-8E13-CAA3A13051F9;;BE1D323D-29E4-4570-8618-5463896BE5D2
414B12AF-A2BC-4D35-880B-00025056247F;;;SFP Europe SA;Spitalstrasse 5 ;;C96FBFFD-F8EE-44B0-8D22-F63F451C2DD5;;6698DCFD-D86E-4098-A5A4-DA5B71062093
420CD1F2-3149-494E-88A0-831910454903;;;UPL Europe Ltd.;Hall Lane, Rookery Bridge ;;48D83D55-C21F-4D98-BD80-196DEA53F965;;DAC731AC-BB70-4164-B500-83559938B481
43CA8CA4-185E-4F2B-B894-EE50F8FB78D5;;;A. Ziegler AG;Rengglochstrasse  38;;22DEEECD-906C-42AF-A62A-695C34A1550B;;6698DCFD-D86E-4098-A5A4-DA5B71062093
44019553-BA58-4FF9-9466-9C67BD3B22C4;;;Stockton Crop Protection AG;Bahnhofstrasse 11;;7046B6E2-2BBF-486F-BC39-75CA18027681;;6698DCFD-D86E-4098-A5A4-DA5B71062093
446B0824-C073-40C6-91DF-4B9D96FDF251;;;SCAC-FISONS S.A.;La Galboisière ;;293A4CC8-1525-4911-8D2B-8B43CE03B321;;C3FFE09F-F38F-42B3-8601-CE60DB2A37F5
4481BC9B-60A3-4E18-B06C-4CF6CDF65B5D;;;BASF Belgium S.A.;Chaussée de la Hulpe 178 ;;56E4BCEC-151F-413E-A6DD-D55EEF3BC56D;;9E495CC6-2D2C-4E76-B183-8D98611AEBA4
45B5DB01-A7D9-4B8F-A703-6977D7B4F458;;;Agroqualita';Via Sempione 195 ;;D0200053-AA71-4A1C-94DE-BD8BD457F949;;BE1D323D-29E4-4570-8618-5463896BE5D2
45E9309A-8394-460D-8577-F5334198B076;;;Novamex;Le Moulin de Saint Pierre, les Taillades ;184;EAFB208F-D646-493C-8092-AC4AA293BAA1;;C3FFE09F-F38F-42B3-8601-CE60DB2A37F5
46353DBD-B1C4-4D1E-894B-1CC11FC20B41;;;UPL Europe Ltd;Birchwood Park ;;0164F017-7BA9-4AD4-9108-5D6C645C54E7;;DAC731AC-BB70-4164-B500-83559938B481
464C236E-DA40-47CF-A05E-42C9CC9F561C;;;Pinus TKI DD;GRAJSKI TRG 21 ;;8465281E-D636-46BD-A43A-6DABDDEAA056;;5040D15A-CEA6-41D8-A64E-DEF0DD366B18
47A1DCB2-9825-4EBC-9B2C-E228A481C7E6;;;Agroplus;Heedstraat 58 ;;B8EE535B-6692-46C2-BE29-FB8971957177;;9E495CC6-2D2C-4E76-B183-8D98611AEBA4
485EB440-B4BD-4043-BB46-2C980FE767CA;;;AGAN Chem. Manufacturers Ltd.;Haashlag St, Northern Industrial Zone ;P.O. BOX 2;FC0B590E-187F-4175-B1A6-CA51CB182E51;;E4D16808-543E-47EC-9BCC-50A0CAEC7C9B
487E1516-56C2-45BD-9933-3B2275090021;;;INDUSTRIA PRODOTTI CHIMICI SpA;Via Fratelli Beltrami 11 ;;00304869-A1D2-4B23-868D-FE31176C614E;;BE1D323D-29E4-4570-8618-5463896BE5D2
48FD31FF-F72A-4B5D-8B05-CB392BE261B0;;;Certis Belchim B.V.;Stadsplateau 16 ;;035C2754-05DB-4E2C-B755-FCB34BCABA76;;51F6122D-47EC-4051-97CC-01D7CF8E4758
492C7FE9-0820-4F5F-B66B-9A3A3045594D;;;Sapec Agro S.A.;Av. do Rio Tejo, Herdade das Praias ;;18C70E26-70A6-4AC6-9DBC-8442FAF0708A;;E815A08E-A569-4408-9C31-20A1702B0FDA
49973A78-82E0-4253-895F-F49EE8C9DEF7;;;Sharda Cropchem Limited;Dashrathlal Joshi Road ;;0464375B-05BB-49D1-BCE2-236A3BDBA0E9;;CDA1F206-EDB0-40D2-8FF6-15B29EAD6C7F
4A72357C-6062-4241-936F-053FD4EFB787;;;Makhteshim-Agan Italia S.R.L;via Falcone ;;4F4B736B-DE0D-447C-8E15-739F5CFFACD4;;BE1D323D-29E4-4570-8618-5463896BE5D2
4AA8A450-CB69-4CE1-82C8-CE445062FD0D;;;VITAL (Manufacture des engrais);Route de Bédarrides ;BP 12;82736F40-D51A-4454-B87F-CC842E5879AE;;C3FFE09F-F38F-42B3-8601-CE60DB2A37F5
4B6AFB76-C142-41BE-A13B-CFB5C875916E;;;F.Schacht GmbH & Co. KG; ;Postfach 4823;5CEB8939-717A-46CD-ACD5-7B2E2DA7CA54;;56CCE907-F002-4B0C-B948-98299B1FEA6E
4B828ECC-FB0A-4F3B-B622-A1B9B08DD763;;;Schneiter Agro AG;Birren 30;;6A7BB449-7E3F-4923-B16E-34DA5017ECBE;056 201 45 45;6698DCFD-D86E-4098-A5A4-DA5B71062093
4CC31B07-2CD4-401B-908C-DD6E448D012B;;;Cheminova Agro Italia S.R.L.;Via F. lli Bronzetti, 32/38 ;;0265C375-2457-4BA9-9EE1-FBF2CB879BFB;;BE1D323D-29E4-4570-8618-5463896BE5D2
4D00A344-774B-4226-85A2-7DFBCD78C3EE;;;Societe Green Sun SARL;P.A. de la Malnoue, 57, Blv de l'Europe ;;084247A2-A1EB-48FC-B89F-FAB31C055BC5;;C3FFE09F-F38F-42B3-8601-CE60DB2A37F5
4D9B8280-49C1-4F89-811C-C29A079AFFAB;;;Agriplant SRL;Viale italia 113 ;;0FC85803-B047-46AE-BA6A-D72F2C619241;;BE1D323D-29E4-4570-8618-5463896BE5D2
4ECE4614-FC05-4317-B294-95CFCEA84A80;;;Quimetal internacional;Calle Torneros 14 ;;FC6BBD52-4054-4CF8-8AEF-19BF9E22BD65;;BEB87459-DB4C-4C85-84EB-BEF7C6E012EF
4ED91322-EE62-420E-8897-3C0B96C4D1B3;;;Caspar Berghoff KG;Möhnestrasse 203 ;;F5566509-A058-4CE9-AA53-66E76C9F8579;;56CCE907-F002-4B0C-B948-98299B1FEA6E
4F2BE04A-FDB7-4E72-9F5D-F569574D853E;;;MAC GmbH.;Sonnenhalde 1 ;;B3837134-8992-4B7E-A442-8E8DD5EAC452;;56CCE907-F002-4B0C-B948-98299B1FEA6E
505945C1-5478-4D52-9CF7-988DD292984F;;;MycoSolutions AG;Lerchenfeldstrasse 3;;03A3C999-A473-4A3D-97DD-CBFDB41169D6;;6698DCFD-D86E-4098-A5A4-DA5B71062093
5061AF3F-E1C6-4E91-BC0A-10A26CFD01E0;;;Méoc SA;Route du Léman 10;C P 48;61A08899-8186-403D-A7F3-F6814B2993A3;027 746 16 39;6698DCFD-D86E-4098-A5A4-DA5B71062093
5086E8CB-6AF0-48ED-99DF-C3524B2F3A4B;;;FMC IP Technology Sàrl, Zweigniederlassung Vernier;Chemin de Blandonnet 8;;E156F657-22A6-4EAA-AAA6-21CFB0FF56E9;+49 4141 9204 248  Mobile +49 171 640 7850 ;6698DCFD-D86E-4098-A5A4-DA5B71062093
50A7859F-7D8C-473F-B38C-26E1A8F2E53F;;;Menora GmbH;Metahofgasse 30 ;;A33A7E09-68E8-4ADB-A5EE-B501929C97F0;;29738AA2-5393-438D-BE07-9D6B56D2ACCF
51146CC7-4FCC-4D7D-84AC-829BE7105BB6;;;De Sangosse;Bonnel ;B P 5;5B5F1209-1030-495B-B890-BCC920216D42;53 69 36 30;C3FFE09F-F38F-42B3-8601-CE60DB2A37F5
51205EA7-73ED-4C5C-A911-B3A11837242B;;;Philagro France;VILCERY ;;4E77FCA9-DBA5-48E1-8DB3-D53E7C6DEC21;;C3FFE09F-F38F-42B3-8601-CE60DB2A37F5
5164D739-E076-4BF8-BE9A-9D2BB7C73BA4;;;HMWC SARL;8 voie vallon ;10150;E666414E-D459-401E-981D-8A68B5217C49;33608893727;C3FFE09F-F38F-42B3-8601-CE60DB2A37F5
527D7C3C-1987-44BF-8A2C-7297BCB0B42F;;;Makhteshim Agan Italia;Via Zanica 19   ;;A8CD9E31-A639-40E4-961E-4D9B6F827661;;BE1D323D-29E4-4570-8618-5463896BE5D2
52A63882-A41E-4D10-B002-8ADD7C442E04;;;Intagro;Desguinlei 38 ;;BCBC8CDA-078B-4654-9480-73FCA583560B;;51F6122D-47EC-4051-97CC-01D7CF8E4758
52C54819-CFFF-4B06-8B31-FABEF24DD0AB;;;Friedrich Glatz;Johannesgasse 23 A ;;8C578468-D4D0-4A84-87E5-23C910B12FA0;;29738AA2-5393-438D-BE07-9D6B56D2ACCF
52FB61DD-4933-4EA6-8C33-97C0210CEFF3;;;EURL Hermouet Guy;9 rue del la croix des vignes ;;B2A26263-4B9A-41D6-98C3-BED15C724472;;C3FFE09F-F38F-42B3-8601-CE60DB2A37F5
537B6F18-7539-4883-B351-2939D52D1A83;;;Nissan Chemical Europe GmbH;Immermannstrasse 45 ;;1BDB31B5-C4A3-4C8C-9F14-D19DF3B6B65D;;56CCE907-F002-4B0C-B948-98299B1FEA6E
53DD0D57-40EA-4F46-AB09-395FF93425F1;;;Societe financiere de Pontarlier;VILLA CELONY, 1175 MONTEE D'AVIGNON ;;79E8C144-E9E8-45BF-A3B4-81B9D83328E6;;C3FFE09F-F38F-42B3-8601-CE60DB2A37F5
5481DD8D-03B7-4646-8706-00334C10BF3F;;;RWA Raiffeisen Ware Austria AG;Wienerbergstrasse 3 ;;0C747764-4E12-4F84-BC83-D8D2B6226A17;;29738AA2-5393-438D-BE07-9D6B56D2ACCF
54DE7800-F9E9-4FB8-B7C4-D607C713EADB;;;Invivo;83 avenue de la Grande Armée ;;8F3FD3BC-0D33-44DE-95AF-1EC407C5E8C7;;C3FFE09F-F38F-42B3-8601-CE60DB2A37F5
55D4C9A0-937C-4ACE-8F40-6038B1D0FA2B;;;Hentschke und Sawatzki;Leinestrasse 17 ;;35E0B94A-E571-4624-BAE7-27FF3C479450;;56CCE907-F002-4B0C-B948-98299B1FEA6E
56DC05A3-AA83-4C55-B361-D05E94FAAF0F;;;TRADI-AGRI;38, avenue Hoche ;;DF32F61D-FE72-422D-8105-5CD962BE629B;;C3FFE09F-F38F-42B3-8601-CE60DB2A37F5
5710564A-E5EF-41D2-A3AF-74B898A51086;;;Azufrera y Fertilizantes Pallares, S.A.;Av. Europa parcela 1-7, poligino de Costanti ;;9BA05670-FDC6-47DE-8146-E32CAB59936B;+34 977 524 650;BEB87459-DB4C-4C85-84EB-BEF7C6E012EF
5801AC49-8246-4F1F-A1CF-BDBD3E03F4F5;;;Sun Company SRL;Via durini 9 ;;0F90E005-B01C-4230-94CB-AB4238EC5FF1;;BE1D323D-29E4-4570-8618-5463896BE5D2
5818668E-F5AA-40EA-A365-F8D92519E46C;;;Scam SPA;Corso Orbassano 368/18 ;;F850670E-237E-4E24-8A42-1CDA6D6C0212;;BE1D323D-29E4-4570-8618-5463896BE5D2
5825427C-A0FC-4F25-AEE5-87F24A00C745;;;Bayer S.A.S, ;Rue Jean-Marie Leclair 16;CS 90106;870561B2-6662-4E83-8BCA-0A1EE6DF3934;;C3FFE09F-F38F-42B3-8601-CE60DB2A37F5
588BC7B9-D67E-46DE-963D-EF118922006F;;;Makhteshim Chemical Works Ltd.; ;P.O. Box 60;83648D35-906B-4DBC-BB5E-0F62DECA4227;+972 8 629 66 96;E4D16808-543E-47EC-9BCC-50A0CAEC7C9B
58A2B67D-625B-43A9-A8D9-DE85191EB5AB;;;Diachem;S.S. 11 Padana Superiore Km 185 ;;69BF333A-8443-41C6-9016-9B686D2B9EE6;;BE1D323D-29E4-4570-8618-5463896BE5D2
58D6D318-9AC5-4310-AEE7-EE7A04B6FB83;;;Agrotrade B.V.;Kerkeboslaan 11 ;;215F783B-7C3B-48CA-9DC5-8E88E2818281;;51F6122D-47EC-4051-97CC-01D7CF8E4758
592E625C-E353-4E4B-81C7-858535E04FA5;;;Crop Chem Handelsgesellschaft GmbH;Bärweilerstrasse 55 ;;47AD2AC5-9896-4299-9388-1DEF69062F1C;;56CCE907-F002-4B0C-B948-98299B1FEA6E
59485668-B009-46FE-AB06-639531175870;;;Realchemie Nederland B.V.;Vogt 21 ;;912B0F58-2057-4D7B-83EE-02C9CDFFDA71;;51F6122D-47EC-4051-97CC-01D7CF8E4758
596C551D-2BCB-4AEB-B853-4C2765B94A06;;;Societé Financiere de Pontarlier (S.F.P);11 Boulevard De La Grande Thumine - Parc D'ariane  ;;52C4E3E7-28FA-4D3A-85A5-DD685AA005F4;;C3FFE09F-F38F-42B3-8601-CE60DB2A37F5
598B444A-86D0-4876-AF77-5C5C6ACD90ED;;;STEFES FRANCE S.A.;21, avenue Eugène-Gazeau ;;27FCD09F-CEB7-4E22-A07F-D18A6C501664;;C3FFE09F-F38F-42B3-8601-CE60DB2A37F5
59C3F4D3-F372-40CF-B34B-8F564EFFB7CB;;;Erragi S.R.L;C.So M. d'Azeglio 112 ;;C89970CF-7EC3-4C7C-8163-765BD1099B8D;;BE1D323D-29E4-4570-8618-5463896BE5D2
59DE4E27-780F-4858-AE46-5E6F5F82C340;;;Galenika Fitofarmacija a.d.;Batajnicki drum ¿¿ ;;FDF80C10-354B-4988-825E-EAD23F6A8E9B;;2233514D-C9D3-451E-961F-3A6B62AF786D
5A75BA51-7E5D-46BF-824A-6654B96229AD;;;Sharda Worldwide Export Private Ltd.;Domnic Road 29th, Bandra West ;;C4D799C4-60B1-41EB-AF63-FF2796CDFFF4;;CDA1F206-EDB0-40D2-8FF6-15B29EAD6C7F
5A958170-D2C5-4A1D-9A61-41C31CC24771;;;Sopra;18 Rue Grange Dame Rose ;;177DDF0B-ED9D-4FEF-82C3-3E7D639D7052;;C3FFE09F-F38F-42B3-8601-CE60DB2A37F5
5AA6A781-0B4F-47F8-BDFD-8C893A1AB0CF;;;NOVARTIS Agro S.A. / Amethys;14, blv. Richelieu  ;BP 420;2D34AB53-24C6-4DCB-8C0C-3FAD7FA655A3;;C3FFE09F-F38F-42B3-8601-CE60DB2A37F5
5BC0DD32-DCA9-4861-A14B-474A199C69C9;;;IQV Industrias Quimicas del Vallés, S.A.;Calle 1 92A;;130F6FA3-F8EA-4BEE-9CBA-BAAC8A52C54E;;BEB87459-DB4C-4C85-84EB-BEF7C6E012EF
5BE3C4EA-8E70-4A95-8365-C3F2971327B5;;;SIPCAM OXON S.p.A.;Via Vittorio Veneto 81 ;;91B8A68F-37CC-4938-A4AA-33705A2DD6DC;;BE1D323D-29E4-4570-8618-5463896BE5D2
5C6A5601-A742-478D-8290-B0ED5835D800;;;FMC Chemical SPRL;Boulevard de la plaine 9/3 ;1050;826B4BD5-BF35-4F9F-88A1-937E5C9F9E6E;;9E495CC6-2D2C-4E76-B183-8D98611AEBA4
5CC42699-9538-4927-9CF5-85B7A99ABF00;;;Bayer CropScience N.V.;J.E.Mommertslaan 14 ;;EF060BEF-6D43-4240-83DD-EA3E492EFA34;;9E495CC6-2D2C-4E76-B183-8D98611AEBA4
5D12B703-B7FD-4E5B-A345-B2B27039DC51;;;Sumitomo Chemical Agro Europe SAS;10a, rue de la Voie Lactée ;;8B019661-A7F7-4027-AB6F-2AA8A7DA2F2A;;C3FFE09F-F38F-42B3-8601-CE60DB2A37F5
5DD73A74-20F9-44B4-B58E-E3900AA43CF4;;;ewia Gmbh;Badenerstrasse 415;;100E7486-1E63-4376-994D-C5DFBD6F9FBB;+49 173/5727450;6698DCFD-D86E-4098-A5A4-DA5B71062093
5DF62058-4712-47DD-B6D7-C30E3E3BA7EA;;;Kumiai Chem. Ind. Co., Ltd. (Ihara);4-26, Ikenohata 1-Chome, Taitoh-ku ;;48E7FF70-09DE-46F1-9F75-F7792ED93FCA;;68921504-8A62-4B7B-B7F7-59399B483095
5E002797-A3B5-4C00-B6B0-F130F5DA5C02;;;Monsanto Agrar Deutschland GmbH;Elisabeth- Selbert- Straße 4a ;;94A7318A-5DBC-4F89-AF23-F0CEBD86059A;+49 (0) 2173 2076 569;56CCE907-F002-4B0C-B948-98299B1FEA6E
5E2915EB-369E-4C9C-B8B7-9FAAABF0E127;;;Sintagro M. Eggen;Chasseralstrasse 1-3;;7789DD03-D754-4735-9527-542737F3CEB9;062 398 57 57;6698DCFD-D86E-4098-A5A4-DA5B71062093
5E648022-D2C4-49F2-BBB2-E86A3ADCD736;;;AGRISTAR SYSTEM S.R.L.;VIA MARTIRI DI MONTE SOLE, 29/B ;;C674068B-55E3-47F7-BE94-2BD8E9ABACBD;;BE1D323D-29E4-4570-8618-5463896BE5D2
5E97EAAB-092E-40BA-AC42-18B3F3E5B3BE;;;Compagnie Générale des Biocides;26 rue de la Porte du Bois ;;0CEF8AF4-A54D-4B56-A363-C8C55D088FEE;;C3FFE09F-F38F-42B3-8601-CE60DB2A37F5
5EA5CDB6-535C-4793-829C-220B8922E55F;;;Laboratorio Biofarmacotechnico Italiano S.R.L.;Vie Tito Speri 3/5 ;;02269D16-979E-48E8-A1FA-9BB433CC87C9;;BE1D323D-29E4-4570-8618-5463896BE5D2
5F2FC518-5717-4E4F-9C2F-BA1E589EDF71;;;GLOBACHEM NV;Leeuwerweg 138 ;;BDB25425-87A3-4A8A-A924-4900D7F6A2D3;+32 11 78 57 17;9E495CC6-2D2C-4E76-B183-8D98611AEBA4
5F68764B-FA62-4603-8A51-917B11740472;;;Monsanto Agriculture France S.A.S.;Europarc du Chêne,11, rue Pascal ;;7ED25AAF-C02F-4AA7-B1C6-202FB5F14690;;C3FFE09F-F38F-42B3-8601-CE60DB2A37F5
5F914527-3A45-4E33-99A6-E032CD118F53;;;Bayer AG;Kaiser-Wilhelm-Allee 1  ;51373;917CB2AF-85C1-40CE-B18B-F4A67D514EED;;56CCE907-F002-4B0C-B948-98299B1FEA6E
60CFE33E-B225-4CDD-ACD6-062E732C833C;;;Biesterfeld Helvetia AG;Oristalstrasse 19;;1735A58F-20C9-43BA-BBEF-52C820E063A0;(0049 40 32008-329);6698DCFD-D86E-4098-A5A4-DA5B71062093
617AD0B7-2786-476C-B7FC-98A433CD3F7B;;;Koppert B.V.;Veilingweg 17;Postbus 155;36DB7C46-19B8-4DA9-BE58-F46ADD7FD196;189 140 444;51F6122D-47EC-4051-97CC-01D7CF8E4758
61A0B237-6FF1-45D4-ADC1-8CB236C139ED;;;STAR Agro Handels GmbH;Europapark 1 ;;43BC231B-B563-4C6D-8A6A-BDCE649503F0;;29738AA2-5393-438D-BE07-9D6B56D2ACCF
6291F2E5-FAFE-4E66-B370-73B19624552A;;;Feinchemie;Via Albere 20 ;;CC51CAA4-17F6-4C40-BD54-D47D883441B2;;BE1D323D-29E4-4570-8618-5463896BE5D2
62C02060-7CE1-442A-90F6-7B12262F4DF2;;;frunol delicia GmbH;Hansastrasse 74 b ;;F9899C77-05DA-4359-A0B8-358F0F0E9BC6;;56CCE907-F002-4B0C-B948-98299B1FEA6E
63D86FDE-6C36-4F4F-8377-A24CE017B396;;;Agrimix S.R.L.;Via Campobello, 1 ;;F9E31923-C8F7-4756-B076-C8A207CC9945;;BE1D323D-29E4-4570-8618-5463896BE5D2
63EE0E2D-E030-4DCE-B5BB-7534ACC04157;;;Be di Br Busolin eligio di Busolin Rodolfo;VIA ZANETTI, 9 ;;FC043137-57FD-4C0D-98F1-0645060D694B;;6698DCFD-D86E-4098-A5A4-DA5B71062093
63F578FA-2D9C-45D1-917C-6AC207F926AB;;;Dow Agrosciences B.V.;Prins Boudewijnlaan 41 ;;CDAAFC52-78FE-4F32-820E-05C02F07CB0E;;9E495CC6-2D2C-4E76-B183-8D98611AEBA4
64D2E5BD-8FFF-42E0-8B22-8E662609081B;;;Spiess-Urania Chemicals GmbH_;Frankenstrasse  18 B;;336B6C25-ABA1-4089-9C2A-3025EE3EF060;;56CCE907-F002-4B0C-B948-98299B1FEA6E
65146811-FE18-4A69-8F7A-200B67B8CC40;;;Hans Müller Gärtnerei AG;Oberfeldstr. 5;;5474D652-70BA-4A95-8FDE-3D0312C76AEB;071/642 11 77;6698DCFD-D86E-4098-A5A4-DA5B71062093
652F8566-CD53-4ECC-AE0D-A24C7DCD8DB0;;;Zolfiindustria S.R.L.;Via Cantarana, 17 ;;67DA936E-355F-4C5D-B338-5BEBF8C3E5D6;;BE1D323D-29E4-4570-8618-5463896BE5D2
6568B359-EF49-4D27-9436-D1B170A97FB7;;;Arysta Lifescience Benelux SPRL;Rue de Renory 26/1 ;;02EE1D31-D772-451E-A10C-CCE86ECA2155;;9E495CC6-2D2C-4E76-B183-8D98611AEBA4
65C84E09-C3E2-4FE3-911D-8E5706D5D67A;;;HünAgro AG;Chamerstrasse 44;;88F01280-5935-4683-AA60-1F4F2D213EAF;+41 (0)76 423 40 26;6698DCFD-D86E-4098-A5A4-DA5B71062093
65F5273F-5417-45A6-9D98-045E63D9491D;;;Cimelak;Z.I. Charpenay BP 12 ;;0F5DC6A9-D65E-4612-918D-057712FEE50D;;C3FFE09F-F38F-42B3-8601-CE60DB2A37F5
6670A5CC-9EE1-4710-A809-C03C34BFD838;;;Andermatt Biogarten AG;Stahlermatten 6;;BBA04C94-D866-4C40-9C4A-7D68E84E069E;;6698DCFD-D86E-4098-A5A4-DA5B71062093
669B5B0C-9277-4826-B775-2D5F5372B60D;;;CAFFARO France;Parc de Haute Technologie Antony II, 17, rue Georges Besse ;;9DE3D3C6-AE2B-4B88-96FE-7145B225E173;;C3FFE09F-F38F-42B3-8601-CE60DB2A37F5
66E64A79-0D2F-4157-BA37-DF4370468CE6;;;You Solution;Nattermannallee 1 ;;ED239201-0FC3-4995-828A-108859625AE5;;56CCE907-F002-4B0C-B948-98299B1FEA6E
66F4443D-BEE1-4C95-B7EC-95DF41245CCC;;;Nisso Chemical Europe GmbH;Königsallee 90 ;;DCC80DF8-0F93-4612-8B16-A7C2E210A9A2;;56CCE907-F002-4B0C-B948-98299B1FEA6E
68240D83-3991-46E0-8E2B-6D03D64A030E;;;Parisienne de Produits Chimiques;38, avenue Hoche ;;EFACCA77-8A97-4D1B-BDB0-FA470715A749;;C3FFE09F-F38F-42B3-8601-CE60DB2A37F5
68565B15-AB61-4639-8237-4851A681EC7D;;;Oxon Italia S.p.A.;Via Sempione 195 ;;7D8E30CA-ECA8-4C5E-A60A-66A09CD2CA67;;BE1D323D-29E4-4570-8618-5463896BE5D2
687369FB-FFAD-40AC-9835-FF3BCB0658F9;;;ISK Biosciences Europe N.V.;Pegasus Park / De Kleetlaan 12B ;;74627943-33EF-4B16-B894-EC6E61F0169D;;9E495CC6-2D2C-4E76-B183-8D98611AEBA4
690F0868-E925-4727-B57F-B6A802858F67;;;Nissan Chemical Europe S.A.S.;10A, rue de la Voie Lactée ;;6A1DADC7-E6D3-43C1-850E-7C1369BCB2CC;;C3FFE09F-F38F-42B3-8601-CE60DB2A37F5
692979A4-EC9A-43A8-94CA-65CB2DA2271B;;;Biologic Healthcare Ltd; ;;6B4B8F37-3948-430D-AABA-85203E813CA0;;2E460BBE-6A62-40A2-8C1F-F7A7145A42C2
6A5D0DF5-1094-444F-8E30-C286E1C0E722;;;Agronova;Via Massarenti 221/6 ;;DCFF7C4D-34FB-4144-A5F5-5EB9C1AFB0E8;;BE1D323D-29E4-4570-8618-5463896BE5D2
6AF42C29-A725-47AF-ABB3-773D152A6F37;;;Azufrera y Fertilizantes Pallares, S.A.U. (AFEPASA);Avenida Europa 1 - 7;;D6097058-BC59-4C50-81A0-02D561E267EC;;BEB87459-DB4C-4C85-84EB-BEF7C6E012EF
6B4FB349-C194-45B3-9621-8F0D7660A584;;;GABI-Biochemie Hüdersen, Rhodovi KG;Liemer Strasse 26 ;;95C92387-CEF5-4023-AC63-A237EB6E6401;;56CCE907-F002-4B0C-B948-98299B1FEA6E
6B5D3CE8-21D5-4226-A4FC-F64CC0186441;;;Mac Dermid Agri. Sol. Italy S.R.L.;Via Vigevano, 61 ;;F661ED21-351C-4A32-9374-9CE60F397804;;BE1D323D-29E4-4570-8618-5463896BE5D2
6C5EEE51-0589-49BF-83E2-33F8A15E8550;;;UPL Italia S.R.L.;Via Terni 275 ;;DD272F79-856F-44B3-AFB0-F31C1C89D72A;;BE1D323D-29E4-4570-8618-5463896BE5D2
6CDDA3F5-E5D9-4BE7-88C9-0BA9B86F6B38;;;LHN;37 rue Armand Thibaut, BP 94 ;;448EAAAC-297D-4C9C-B455-1E4FA3EBA918;;C3FFE09F-F38F-42B3-8601-CE60DB2A37F5
6ECBC146-CA66-49CC-B558-B3152C08AD80;;;Globachem N.V.;Lichtenberglaan 2019;;92036F74-2763-4280-A87D-C6E0716088B3;;9E495CC6-2D2C-4E76-B183-8D98611AEBA4
6F5B0EB6-D699-42B5-AAE8-48D50006EB30;;;PHYLAGRO France;Parc d'Affaires de Télébase, 2 rue Claude-Chappe ;;0E88E240-815B-402C-9858-B96DAE408E2E;;C3FFE09F-F38F-42B3-8601-CE60DB2A37F5
6FB69C1A-3329-45C1-A17A-090575B52579;;;Rotam Agrochemical Europe Ltd;Hamilton House, Mobledon Place ;;A0B44493-3AA5-4094-9376-A561BBB161CC;;DAC731AC-BB70-4164-B500-83559938B481
6FE3CAAD-C709-4DAD-9F44-BB5686D5B0B6;;;Hauri AG;Eichlistrasse 9;;EECEFD40-6013-498F-8346-9DB044355FD8;;6698DCFD-D86E-4098-A5A4-DA5B71062093
6FEBB133-8D71-455B-B44C-4DFF2E9FC310;;;Landgold;PO Box 374, Richemond House, St Anne's Place, St Peter Port ;;4959178A-67FC-4083-A96C-D11826E7324F;;DAC731AC-BB70-4164-B500-83559938B481
70F0D8EF-D03E-49CD-B46F-72BC5D44E58E;;;Vebi  SAS;Via Desman 43 ;;1AD13E5A-3F22-43B3-B83F-64E1F1836A04;;BE1D323D-29E4-4570-8618-5463896BE5D2
71888824-73FB-4400-9190-D14196162CC8;;;Phyteurop S.A.;53 rue Raspail ;;F5C41E83-5A35-40D7-A681-09BF5E33C182;;C3FFE09F-F38F-42B3-8601-CE60DB2A37F5
71E76A3D-12FC-4F5E-B91F-EE2495B957EB;;;Sabero Organics Gujarat Ltd.;462 Senapati Bapat Marg, Worli (E) ;;B6780711-3BFD-492A-90DD-DE77B5DDF3F8;;CDA1F206-EDB0-40D2-8FF6-15B29EAD6C7F
727B0B86-5048-4AEA-B1FC-E96D64E8F28B;;;DCM Registrations Sàrl;Rue De-Candolle  20;;292FF227-490D-47B0-A478-5059BB728B8E;;6698DCFD-D86E-4098-A5A4-DA5B71062093
727F3AF1-9628-48F0-918E-0C0E983AA19F;;;Laboratoires Goëmar S.A.;Avenue du Général Patton ;;F36AA7BE-3271-4681-8D90-525980DD2FB7;+33 2 99 21 53 70;C3FFE09F-F38F-42B3-8601-CE60DB2A37F5
737B5A15-E3B7-4E10-8693-5F081490641B;;;Pan Amenity Ltd;8 Cromwell Mews ;PE27 5HJ;E791E920-D6C1-458D-9FA2-15ED05E14762;;1F940D8D-2632-44A9-A4D5-8172AE6661E2
73CD21D2-EE2E-4E3C-A645-EBB694AC8198;;;Rocca Frutta S.R.L.;Via Ravenna 1114 ;;CA2C9585-7AA6-4A2A-87B7-E1497D25047A;;BE1D323D-29E4-4570-8618-5463896BE5D2
757E78C5-C6C9-4EDA-AC44-A6BEBB64F148;;;Socoa;Via Larga 34/2 ;;9497E69C-60D3-4AA5-878F-35D1B0A4CDAF;;BE1D323D-29E4-4570-8618-5463896BE5D2
75AB70BC-9C52-4036-9E20-9B14DE89B805;;;Sharda Cropchem Espana S.L.;Carril Condomina n°3 ;;2C4735CF-44AA-42BC-8154-36380417FB42;;BEB87459-DB4C-4C85-84EB-BEF7C6E012EF
75DDDA15-8381-4E0C-A82E-C970AE2F9370;;;Green Ravenna SRL;Via Matteotti 16 ;;CEBDA933-4670-4482-97DD-162602FFBC00;;BE1D323D-29E4-4570-8618-5463896BE5D2
769C285D-E7DF-442E-A261-FEB86EFD17DF;;;ADAMA Makhteshim Ltd.; ;PO Box 60;00FA9489-25E6-4F29-94DA-DC03CE849801;;E4D16808-543E-47EC-9BCC-50A0CAEC7C9B
77F6562B-2689-4C46-A8AC-D7EC3243AA83;;;Geofin srl;Via Crear 15 Loc. Mazzantica ;;72A1C6D6-32D1-4391-B356-BB6024A9882B;;BE1D323D-29E4-4570-8618-5463896BE5D2
78249B4A-2C6E-4552-B20F-5B650EAD4EB6;;;Dormfresh Limited, Perth (UK);Steinenschanze 6;;39F47407-E4AE-4ECB-8E75-770401892E17;;6698DCFD-D86E-4098-A5A4-DA5B71062093
78383A9B-B46D-42D9-9572-D1C6A5BF36BF;;;Albaugh UK Limited;1 Northumberland Ave, Westminster ;;9712379C-4D05-42FA-A11B-BBB06BEBB514;;1F940D8D-2632-44A9-A4D5-8172AE6661E2
791764F3-536D-4FEB-BA85-99BD14E4F043;;;Agrocaps SPRL;Place Numa-Droz 2;;84936FFB-150B-4425-8F2A-0F9AA863CB8C;;6698DCFD-D86E-4098-A5A4-DA5B71062093
794E4064-3EDE-4200-8D4C-0D603F289587;;;Proval;27 rue de la Gare de Reuilly ;;B0E73C56-19EE-46B0-984B-975E2DC9F0B2;;C3FFE09F-F38F-42B3-8601-CE60DB2A37F5
79BBBBD6-8F30-4518-A7B7-6B0E912F9983;;;feldfink;Grazerstrasse 8 ;;0C0F4D2A-8BC2-4ADE-8ED8-629861D018FA;;29738AA2-5393-438D-BE07-9D6B56D2ACCF
79ED9128-4DDE-4F26-8D06-79AB8F0686E4;;;Intrachem Bio Italia;Via XXV Aprile 44 ;;205E198D-9CA8-478A-B62B-EF166F40F3E1;;BE1D323D-29E4-4570-8618-5463896BE5D2
7A282BB5-1EF2-411D-9954-C784F09B4E97;;;Bayer Austria GmbH Geschäftsbereich für Pflanzenschutz;Lerchenfelder Gürtel 9-11 ;;6475D927-651E-44B2-832A-E3EEC8B512ED;;29738AA2-5393-438D-BE07-9D6B56D2ACCF
7AA4FE15-11B7-4A69-BDB0-C05544A76561;;;Holding BOURGEOIS Sàrl;BP 7 ;;7FA8EE38-2AC2-45C3-9C25-B532A03C61DF;;C3FFE09F-F38F-42B3-8601-CE60DB2A37F5
7AF22550-EF69-440A-9671-9EF9D91C37E5;;;BASF France;49, avenue Georges-Pompidou ;;3BF719A2-574B-49EF-A277-48E0D9864590;;C3FFE09F-F38F-42B3-8601-CE60DB2A37F5
7BDF9DBF-971F-4356-8CD8-40560534AAE1;;;Urania Agrochem GmbH;Heidenkampsweg 77 ;Postfach 106220;66ED0FFE-E9DE-4F6F-810D-963807C6D350;;56CCE907-F002-4B0C-B948-98299B1FEA6E
7C206C75-DE66-4D4F-952C-C5E149D31C64;;;Sharda Swiss Sàrl;Kochergasse 6;;16FEBFD0-C7FD-4F64-9EAB-06C13DA82377;T +41 31 328 35 35 | M +41 78 843 8000 ;6698DCFD-D86E-4098-A5A4-DA5B71062093
7CBA44B8-F526-4687-830F-7DD494F35A56;;;Agrico SRL;Via le Masini 22 ;;0F6FCD39-44F3-486F-8FA1-12F21D324520;;BE1D323D-29E4-4570-8618-5463896BE5D2
7D3DF25F-239C-4CE4-87DC-746D7A8621BE;;;Dow AgroSciences Italia;Viale Masini 36  ;;4BFB95AD-58EE-453D-A077-E41D4AE1B846;;BE1D323D-29E4-4570-8618-5463896BE5D2
7D810287-2CE7-4E9D-80C3-5C43598025B7;;;Landi Schweiz AG;Schulriederstrasse 5;;AD9648BA-4533-406D-8AC9-F6D429FD8B58;032 352 01 11;6698DCFD-D86E-4098-A5A4-DA5B71062093
7DE536F2-C75C-40EC-8D2F-4F81CB669FC4;;;Zeneca Agro GmbH;Emil-von-Behring-str. 2 ;Postfach 500728;ED8C3A0E-19B2-4E2E-ADEC-4059B96AA43F;;56CCE907-F002-4B0C-B948-98299B1FEA6E
7EBFDF70-882F-4CE3-A18C-072F365A4E1F;;;CIFO S.p.A.;Via Oradour 6 ;;6DEF39A6-CA52-4295-8470-F66DCE5FDF2E;;BE1D323D-29E4-4570-8618-5463896BE5D2
7F527391-06C2-40AF-8522-1E7E898042A5;;;SARL pour la Terre;12, rue de la République ;;F78F1ACF-8564-4F1A-9678-D463D3A0E1E7;;C3FFE09F-F38F-42B3-8601-CE60DB2A37F5
802723CD-5A92-4E44-82F5-083A105C9F90;;;Bayer CropScience ; ;;20F35B79-93F1-4B85-879D-025075F55589;;56CCE907-F002-4B0C-B948-98299B1FEA6E
80DA1955-1AC4-4180-9BC7-5D76D7D85BBA;;;Eric Schweizer AG;Maienstrasse 8;;6841A9E9-9D67-4EBC-9D10-552B28F6A5C4;033 227 57 57;6698DCFD-D86E-4098-A5A4-DA5B71062093
81037F0A-25C0-4187-822F-D7DE8C642D70;;;Drax Pesticides Ltd;Paddington Street 54 ;;FA7AA615-757E-46DB-A2AB-D31F10A5771D;;DAC731AC-BB70-4164-B500-83559938B481
8123F5FE-3E4C-459A-ABE3-BEFDE2E0C8E6;;;BASF AG;Agrarzentrum ;120;4FEA5808-1FB0-4EEF-A55A-D559447B146C;;56CCE907-F002-4B0C-B948-98299B1FEA6E
8216BB41-80BD-4A4C-BE63-08EDE7F4C128;;;Bayer SAS;14 Rue de la Pierre Follege  ;;9765E150-DCCF-436B-BDF3-7A7A0355E2ED;;C3FFE09F-F38F-42B3-8601-CE60DB2A37F5
8258D6F4-003A-47F3-82C6-3FB2D5062582;;;A.H. Marks;Wyke Lane ;;73519912-C96A-42E0-8592-06AB5C9FA7F9;;DAC731AC-BB70-4164-B500-83559938B481
8260C1C7-ADB4-4DE9-B2F1-488D4615CF26;;;CBW Chemie GmbH Bitterfeld-Wolfen_;Greppinerstrasse 19;;C5C381B1-6560-4B88-9DFF-C138516EB596;;56CCE907-F002-4B0C-B948-98299B1FEA6E
828B627D-19AA-45A7-9629-D6F475F35BD3;;;Agrolinz Melamin GmbH;St.-Peter-Strasse 25 ;650311;BBE58598-64CE-4FC6-8A6F-DBF570E7C13E;;29738AA2-5393-438D-BE07-9D6B56D2ACCF
8349B771-F877-47A5-8843-ED8851FE494F;;;Novastar Link Ltd;17 St Ann¿s Square ;;DA01B71F-0493-4C5F-8EE4-261926E2EE03;;1F940D8D-2632-44A9-A4D5-8172AE6661E2
837D119B-1641-42EE-9F54-2ECE01059202;;;Dow Agrosciences S.A.S;790 avenue du Dr. M. Donat ;BP 1220;9FFD0718-A569-4239-8E60-3143E8859DA6;;C3FFE09F-F38F-42B3-8601-CE60DB2A37F5
84066703-02CB-4031-BAF7-D7EC0ED2D5CE;;;Polisenio s.r.l.;Via S. Andrea, 10 ;;C9737021-2C69-4F62-9D04-078417DFD776;;BE1D323D-29E4-4570-8618-5463896BE5D2
84D0755C-2423-40BE-A70F-F89AD4F7DE47;;;DuPont de Nemours (France) S.A.;23/25 rue Delarivière-Lefoullon, La Défense 9 ;;3EADFC10-827F-4228-A742-F54964E5DCFB;;C3FFE09F-F38F-42B3-8601-CE60DB2A37F5
84E721E7-7A4F-4F80-B06A-A49B17EB0311;;;Omya (Schweiz) AG;Baslerstrasse 42;;86B30C5E-0D2C-4BA6-B789-EE125BB8F744; ;6698DCFD-D86E-4098-A5A4-DA5B71062093
8627FD33-6B14-4071-B4E5-2C83895D524C;;;Life Scientific Ltd;Nova UCD, Belfield Innovation Park , UCD Belfield ;;592CB227-2523-4CC6-BB63-A2760480B9C6;;2E460BBE-6A62-40A2-8C1F-F7A7145A42C2
866CC9D1-A64D-472F-875A-62D5A92AA74F;;;Matox AG;Hohfuhrenweg   14;Postfach 61;F20A1CDB-5498-4103-A51A-CCB7B245AF21;032 387 70 70;6698DCFD-D86E-4098-A5A4-DA5B71062093
86BB3F05-8D12-4719-A497-0A3D441D83F4;;;Caffaro S.p.A.;Via Friuli 55 ;;9579D7AA-9327-4447-88ED-EE2D6C3E0237;;BE1D323D-29E4-4570-8618-5463896BE5D2
878DE3BA-24BD-424D-9C82-16547C007F5B;;;Bernbeck LLP;26-28 Bedford Row ;;B3D2599C-9E63-48C3-8A4F-254D1D416671;;DAC731AC-BB70-4164-B500-83559938B481
87E1CA0F-8C98-446E-8DC9-526E1AE36DEC;;;Fertimport;Wienerbergstrasse 3 ;;77ECE503-DCDD-4F78-9101-4D566890B6E0;;29738AA2-5393-438D-BE07-9D6B56D2ACCF
887F0C26-25C9-42E1-970A-172F2E26550C;;;Makhteshim-Agan France;2 rue du Troyon ;;3B750299-4C77-453A-AA2A-3CA0543B4A8E;;C3FFE09F-F38F-42B3-8601-CE60DB2A37F5
8891ED15-2304-4BA8-AD03-B909E2FC6EC0;;;Detia Dagesch GmbH;Dr.-Werner-Freyberg-Straße 11 ;;647E1795-7A0D-466E-9126-9851E8E70802;;56CCE907-F002-4B0C-B948-98299B1FEA6E
8952D404-E6C8-4D28-9972-4EE11C4367A1;;;Kemipharm S.R.L.;Via Bitteri 9 ;;64AA8735-3C76-4600-A52D-6631FFA95A0A;;BE1D323D-29E4-4570-8618-5463896BE5D2
897B800A-FA88-4F6A-B7DD-339B460CB473;;;Makhteshim-Agan Benelux & Nordic B.V.; ;355;A57F3382-37BA-457D-9A2D-61CBB51F2BED;;51F6122D-47EC-4051-97CC-01D7CF8E4758
8991748A-10D5-471E-BA8F-D0E7E7BF05DF;;;Nichino Europ Co LTD;5 Pionee Court, Vision Park Histon ;;F81FF64E-4F3F-4B98-9AF4-9EA2AF5EDF80;;1F940D8D-2632-44A9-A4D5-8172AE6661E2
8B15104B-9B8E-4443-B27F-7E6C9D1D65A6;;;Helm AG;Nordkanalstrasse 28 ;;D9A42073-F0DB-47F0-B08E-5B1EDE40F794;;56CCE907-F002-4B0C-B948-98299B1FEA6E
8B221BF0-61A1-4185-8241-CCED3F01885D;;;Kanesho Soil Treatment SPRL/BVBA;Avenue de Tervueren 270 ;;8E9C4CE5-8FE4-4A70-9FCD-0D4276838F4B;;9E495CC6-2D2C-4E76-B183-8D98611AEBA4
8B3A1467-9545-43CC-9DBF-A49CAE80E6D8;;;Q-Chem NV;Leuverweeg 138 ;;8DD0D7CF-7A27-4A3A-B9CF-A8A81E464AAE;;9E495CC6-2D2C-4E76-B183-8D98611AEBA4
8B909492-2AEA-4953-AAAE-E41A449C43B1;;;Belchim Crop Protection;Technologielann 7 ;;1C4877F6-6417-4F68-A305-46C2ACBCFCCA;;9E495CC6-2D2C-4E76-B183-8D98611AEBA4
8BF0C8F1-F63B-4E44-8454-54BBE38A8465;;;CEBECO Maison des gazons;Chemin du Moulin de Tussac ;;FD74863E-E841-4324-887A-418B6734008E;;C3FFE09F-F38F-42B3-8601-CE60DB2A37F5
8C1C1E63-E78F-4F1D-8596-4277124B8433;;;LKC Switzerland Ltd.;Hauptstrasse 10;167;DCAFA33B-C819-441B-8BB2-1760FB2DF3FB;;6698DCFD-D86E-4098-A5A4-DA5B71062093
8C510474-3722-4678-96A2-3FB596B22E11;;;Corteva Agriscience Italia s.r.l;Strada Statale 11, Km 190.2;;272F4A56-0704-43BD-80F7-D6E8A5EADBBB;+39 363 320 474;BE1D323D-29E4-4570-8618-5463896BE5D2
8C60070E-04CC-4F94-B72C-582297F71582;;;Elf Atochem S.A.;4, cours Michelet ;;7414D540-C74B-4DEB-AE3C-46650E46F91A;;C3FFE09F-F38F-42B3-8601-CE60DB2A37F5
8CEA4B4D-37D7-442B-A6A4-1981A1EDD3E4;;;Syngenta Crop Protection N.V.;Humaniteitslaan 65 ;;558EB546-DBD9-476F-8385-277D24EE4B6B;;9E495CC6-2D2C-4E76-B183-8D98611AEBA4
8E7BB126-CB95-418E-A645-0FCBA6F6CD92;;;Scam S.P.A.;Via Bellaria 164 ;;A2EB8E95-11A3-4FCB-A862-D453BB269B95;;BE1D323D-29E4-4570-8618-5463896BE5D2
8F036142-B1BF-4624-A498-A79FECD808FD;;;Tecomag srl;Via Quattro Passi 108 ;;C6381B70-B073-46CA-8472-D45CC67125C9;;BE1D323D-29E4-4570-8618-5463896BE5D2
8F24689C-80E5-4FAE-9BD1-7D419EA063C3;;;CFPI;28, Blvd Caméliant ;BP 75;D03148F8-9688-4114-95E9-07CB70233337;1 40 85 50 50;C3FFE09F-F38F-42B3-8601-CE60DB2A37F5
8F254E49-E1A9-4215-8821-4A6F0B096C94;;;Zeigler Ltd.;18 Bradden View, Ballakillowey, Colby ;;3866FE84-FA5C-437F-A943-29DCDD5843BD;;DAC731AC-BB70-4164-B500-83559938B481
908B88F5-3C81-4EAF-9A18-29F9EA09E161;;;Ascenza Italia S.r.l.;Via Varese 25/G ;;E046DF49-7B88-4684-A17E-A525847BBE80;;BE1D323D-29E4-4570-8618-5463896BE5D2
90FF2D1F-B94F-4DEF-AE94-8D1ECA1F228E;;;Nufarm Suisse Sàrl;Chemin du Canal 5;;FF4BAE53-9B35-4B12-9739-874986B45F69; +43 732 6918 2773;6698DCFD-D86E-4098-A5A4-DA5B71062093
91016383-01C7-4D74-8809-3A664D8240EF;;;Agriphyt SA;26 rue de Renory ;;963B7D8D-2C94-4E9D-8B34-9D645E732B96;;9E495CC6-2D2C-4E76-B183-8D98611AEBA4
91065517-1D9D-4005-A2CF-835870A34EE6;;;Diachem SPA;Via Tonale 15 ;;540A640E-E0DB-4A6D-BF88-C7780812355D;;BE1D323D-29E4-4570-8618-5463896BE5D2
912CDFC1-60CB-4FE2-AB48-2670A54506A2;;;Verde Vivo SRL;Piazza Petrarca 7 ;;80CB9A39-6168-42BF-B93A-4D694BA97206;;BE1D323D-29E4-4570-8618-5463896BE5D2
9168E1B1-0533-4F03-AECA-1A75484A4566;;;Neudorff GmbH KG;11 C rue de Courtalin ;;696D68FC-B734-4648-BF96-A2D7488C7A45;;C3FFE09F-F38F-42B3-8601-CE60DB2A37F5
919358FB-D6B0-4130-AC6B-7E349CDC4787;;;Makhteshim Agan Italia S.r.l.;Via G. Verdi, 12 ;;9D0E2DA8-8F4A-4138-9669-CB12F9B71CF0;;BE1D323D-29E4-4570-8618-5463896BE5D2
923F81EF-F04F-46B5-B9A1-C474B82EA339;;;Sumitomo Chemical Italia;Via Caldera 21 ;;333F2E34-4C59-49A1-972B-11220A9AA84B;;BE1D323D-29E4-4570-8618-5463896BE5D2
9283EC6A-3490-4CE1-B2D6-6BC8735E5081;;;UFA-Samen PROFI GRÜN;In der Euelwies 34 ;;64C05C3D-A63E-4A97-92E7-BBD0851F4500;0041 58 433 76 76 ;6698DCFD-D86E-4098-A5A4-DA5B71062093
9361D876-2FAE-432C-92AF-7F70B6321D74;;;Hoechst-Schering AgrEvo GmbH; ;Postfach 80 03 20;B4C92580-B59C-4A66-8B7D-82C705B4C962;;56CCE907-F002-4B0C-B948-98299B1FEA6E
943D57B1-49CC-4D3D-8E68-6E53C6EF582A;;;Neodis;BP 66 ;;0C278A16-1C6D-41DD-B115-D85ED8A81789;;C3FFE09F-F38F-42B3-8601-CE60DB2A37F5
94B73960-84D0-4A2A-A974-C5AFDA828910;;;SAN Agrow Holding GmbH; Industriestrasse 20, 21;;D5041BB6-3EBA-4FB6-81FA-1E013D148BD1;+43 2782 8330 0 ;29738AA2-5393-438D-BE07-9D6B56D2ACCF
94D7FE2A-1720-4737-8D8A-71E1EE28EC25;;;DuPont de Nemours (Deutschland) GmbH;Hugenottenalee 173-175 ;;5B31A1BE-BC41-42F0-870C-03952439F74D;;56CCE907-F002-4B0C-B948-98299B1FEA6E
959A35C1-E1E4-44C9-8AD5-E72DADA42B6D;;;ionX;Avenue de Bel-Air 51B;;BFA22B87-FF07-4EB6-AE75-657E31ED12C1;;6698DCFD-D86E-4098-A5A4-DA5B71062093
959A3B96-6ECC-451A-8AF2-9EAA916E0D75;;;Dow AgroSciences S.A.S;route des Dolines ;;052DCD81-309D-48A8-8E0E-7E3EE6DFA42C;;C3FFE09F-F38F-42B3-8601-CE60DB2A37F5
95C886CE-9A10-40EC-8A8E-7192C50C087F;;;Protema S.R.L;Via prandina 28 ;;8FA4EF3D-0567-444F-AA76-AEA975C3254C;;BE1D323D-29E4-4570-8618-5463896BE5D2
96365763-640D-4AE9-B4AC-71287687F7F5;;;Bioma SA;Via Luserte Sud 8;;F10BF066-7143-4BFE-9750-4DB707609597;;6698DCFD-D86E-4098-A5A4-DA5B71062093
9666069F-E717-43D2-85E4-E1E920B20256;;;August Geistler GmbH;Moselstrasse 12a ;;EE8CFFFF-C80F-4CA4-ADE1-12824CFD94C5;;56CCE907-F002-4B0C-B948-98299B1FEA6E
96672D18-0901-469D-B939-2BF500D6093E;;;Top SA;Place du 14 juillet ;;46B11486-0C0D-41F4-9775-82B129A457E6;;C3FFE09F-F38F-42B3-8601-CE60DB2A37F5
96F096AE-1F6C-43F6-A654-9DAA60D2768E;;;Compo Horticulture et Jardin;49, avenue Georges-Pompidou ;;5B756138-9534-439D-BD72-FADF0F66AFC4;;C3FFE09F-F38F-42B3-8601-CE60DB2A37F5
973F6C80-DF7F-46BB-A871-C93020E051A0;;;Dow AgroSciences Italia S.R.L.;Via Francesco Albani, 65 ;;3BE2FC75-9E80-4E5B-B0AD-FAC8AAAF73F3;;BE1D323D-29E4-4570-8618-5463896BE5D2
98A83BCF-AD66-4F87-BEDC-32C039569E38;;;Indofil Chemicals Company;Besant Rd., Worli ;;8C8FA48D-1674-420A-B3B6-8F8ADED989F7;;CDA1F206-EDB0-40D2-8FF6-15B29EAD6C7F
9A79A49D-B193-4B12-AC36-E2CD59498C18;;;Arysta Lifescience;Route d'Artix ;;95D35B6F-7510-43E5-A1F8-6CB1B483AFD9;;C3FFE09F-F38F-42B3-8601-CE60DB2A37F5
9A9EB691-9199-4F31-90E1-26194FE43665;;;Pasquale Mormino & Figlio S.R.L.;Via Lungomolo 16 ;;64FDF495-4958-4573-A6CE-8983C61C0FD9;;BE1D323D-29E4-4570-8618-5463896BE5D2
9B06CA6D-54A8-47C8-809E-D04D1A7A2673;;;Sipcam Italia S.P.A.;Via Carroccio, 8 ;;6A64A025-7DE4-4A47-ABD6-1C43818B5E94;;BE1D323D-29E4-4570-8618-5463896BE5D2
9B3D97EE-DBF8-4DBD-AE4E-E23726022A85;;;Medol;Pra Pury  7d;;4C2E1525-96B4-488E-8426-DF1F22135C3B;079 758 09 37 ;6698DCFD-D86E-4098-A5A4-DA5B71062093
9B7949EF-08DF-47E1-BF6B-FA8EC3404DEF;;;Traitaphyt ;61 Avenue du Général Patton ;;07D2AAB3-2B47-41A7-9353-A42C8CA02EE4;;C3FFE09F-F38F-42B3-8601-CE60DB2A37F5
9C4E7742-10FF-4BAB-8E69-892847C119E7;;;Elf Atochem Agri;Via Chiaramonti 52 ;;82055095-838E-488D-AD1A-A170AFC91888;;BE1D323D-29E4-4570-8618-5463896BE5D2
9D2B4634-14EF-4019-9CE8-9AC770D50107;;;Bayer CropScience Deutschland GmbH;Elisabeth-Selbert-Straße 4a  ;;B3B0B8BE-010C-4D92-89F3-7500CC9AB143;;56CCE907-F002-4B0C-B948-98299B1FEA6E
9DA4D3FC-8C41-4745-8174-BF14B58815C0;;;Consorzio Agrario Provinciale di Parma;Strade dei Mercati 17 ;;07AB072C-A655-4191-8697-D0C65186B032;;BE1D323D-29E4-4570-8618-5463896BE5D2
9DBBD9B1-1DD2-4F78-8B9C-2457BF5E3002;;;FMC Europe NV;Boulevard de la Plaine 9/3 ;;15226068-5D18-4216-B725-EE459E6B3A1E;;9E495CC6-2D2C-4E76-B183-8D98611AEBA4
9DC2CF91-B5DA-4048-8D99-6CE9B31931D4;;;SIMAR SRL;Vicolo della Tromba 15 ;;90754ADA-569F-4127-9EEC-D931DD0BC879;;BE1D323D-29E4-4570-8618-5463896BE5D2
9E18DA6A-6F56-4DAB-A753-BA76ADB7C93A;;;AgriChem B.V.;Koopvaardijweg 9 ;P.O. Box 295;5B0CDA85-CF28-4362-A6E6-5969F572D1A5;31 (0) 1620 431931;51F6122D-47EC-4051-97CC-01D7CF8E4758
9F0C8967-BC95-405D-BDF3-93C7B11E9E11;;;Tecniterra S.R.L.;Via Bronzino 19 ;;99F05DB9-1D27-49EA-8B13-889F5542530C;;BE1D323D-29E4-4570-8618-5463896BE5D2
A01A53A3-DB5A-4D30-80C5-77958C438433;;;Europhyto Technology Serving Agriculture S.R.L.;Viale Vittorio Emanuelle II  64 ;;4887936A-E918-401C-9919-7383A7525F71;;BE1D323D-29E4-4570-8618-5463896BE5D2
A055C97B-6C97-4E2F-97D3-8BCD003C98A4;;;Gowan Crop Protection Ltd.;Highlands House Reading Basingstoke Road, Spencers ;;267C256E-A1AF-4AAD-B34C-6377023FF2F1;;A0D7E6EA-CB57-4E37-8FAD-2FCF26F69804
A0B6DF01-8500-4DD1-9B85-ED49C3A2DAF2;;;GNS Consult AG;Konstanzerstrasse 19;;F7FC24D9-7BC9-4844-974C-7D7983C9854E;071 670 12 30  - direct call 076 516 12 30 ;6698DCFD-D86E-4098-A5A4-DA5B71062093
A11A28AD-82EF-46E4-8C23-94940CCD7C0B;;;Bio-Agrar-Counsel GmbH;Rosenstrasse 28;;2BFD26B9-7955-4E7A-8344-37242B5261D9;034 413 33 30;6698DCFD-D86E-4098-A5A4-DA5B71062093
A128E9C6-FBC1-4649-8E3C-92073B82925B;;;COMPO Jardin AG;Hegenheimermattweg 65;;763D5754-09C9-4191-8BF9-116087AEEB96;061 486 20 23   - mobile 079 681 45 57 ;6698DCFD-D86E-4098-A5A4-DA5B71062093
A17A3AEF-3D87-4C0A-BBF2-18B2A15EF35D;;;Insektol AG Pest Control;Ueberlandstrasse 341;;971F2D05-1BB5-4077-83D4-F4532FC71BFB;+41 44 322 20 20 ;6698DCFD-D86E-4098-A5A4-DA5B71062093
A1B8C49E-CD2A-4A4F-BCD7-B6D0CBB30955;;;Eléphant Vert SA;Avenue de la Grenade ;;D9E4CFEA-4353-4DDC-862B-2003C89AFDAD;+33(0)6 88 66 16 02;6698DCFD-D86E-4098-A5A4-DA5B71062093
A2964CEB-737A-4063-B03F-2AA1DF598FBD;;;Kwizda Agro GmbH;Dr. Karl Lueger-Ring 6 ;;F0121F42-089F-48B5-A4B9-A6610E035397;;29738AA2-5393-438D-BE07-9D6B56D2ACCF
A36A647A-6E38-4599-B51C-7489AAF0EDDF;;;Vischim S.R.L.;Via Fruilli, 55 ;;C5961663-EAD2-4CC4-A588-0FD7AAC80250;;BE1D323D-29E4-4570-8618-5463896BE5D2
A38D1ECA-B88E-4BA2-A813-C1DA70625D4D;;;Interphyto;14,Route de Montesson ;;BC6DF469-FE6C-4A76-8350-81159A39F7B0;;C3FFE09F-F38F-42B3-8601-CE60DB2A37F5
A3C71144-113D-44C0-BEEA-E253F4C5D07B;;;Dr. Knoell Consult Schweiz GmbH;Riehenstrasse 43;;F4725232-AB31-4D70-B064-B39F5E0AC962;061 695 86 50    Mobile 078 625 63 40 ;6698DCFD-D86E-4098-A5A4-DA5B71062093
A4189C47-C19D-49A6-B8E3-FE3DFFA74C4E;;;Isagro S.p.A.;Via Caldera, 21 ;;E36B9035-20BA-4405-AD91-8D402E1301E2;;BE1D323D-29E4-4570-8618-5463896BE5D2
A41EF4FF-34EB-47DC-A947-1B61E608040C;;;Kreglinger International AG;Picassoplatz 8;;F22A69EB-FB68-46A3-9C75-EEB59CBD92E9;;6698DCFD-D86E-4098-A5A4-DA5B71062093
A42D89E2-DC25-4A6B-B8B8-1AE7CCB7C906;;;SBM Development S.A.S;160, ROUTE DE LA VALENTINE BP 90120 ;;56FEAE71-D985-4727-B305-37AB5B96269B;;C3FFE09F-F38F-42B3-8601-CE60DB2A37F5
A4DF9EFF-DE2A-4DCF-A6D2-05AA3AE53020;;;Biofa AG;Rudolf-Diesel-Strasse 2 ;;D84D9B2B-9366-44B1-8244-3E0CD16A9D85;0049 7381 93 54 0;56CCE907-F002-4B0C-B948-98299B1FEA6E
A4F2D052-27B1-45D2-B071-9EBEAAA0DE5A;;;Aventis Crop Science Italia;Piazzale Stefano Türr, 5 ;;FE6531B7-877C-4D5B-9CF6-D9A118213C32;;BE1D323D-29E4-4570-8618-5463896BE5D2
A53B50E1-B910-4055-87FB-25A9FE9ED4DD;;;Forschungsinstitut für biologischen Landbau FiBL;Ackerstrasse 113;PF 219;FC9042D3-A9F6-4A12-908E-AAF31D598A19;062 865 72 72;6698DCFD-D86E-4098-A5A4-DA5B71062093
A5566A3A-7606-493E-A4F9-E12482F85680;;;A.D.I.C.A. s.r.l.;Via Saffi 1 ;;39675C22-D675-4C47-B971-22EDBC3ECEC2;;BE1D323D-29E4-4570-8618-5463896BE5D2
A5EED1AD-B9BB-4334-A15A-171959ADD291;;;STI Solfotecnica Italiana - S.p.A.;Via Matteotti  16;;FC8BA819-C461-4857-BFBC-804D5AADA682;;BE1D323D-29E4-4570-8618-5463896BE5D2
A652AC69-2536-4145-9953-7E1697A5EB3E;;;agrostulln GmbH;Werksweg 2 ;;981CF5B8-9C87-46E9-B887-C8A4ED73AEA2;;56CCE907-F002-4B0C-B948-98299B1FEA6E
A69E26D3-6E00-4217-B79E-3D30FAD0B21C;;;Gardinova;Hauptstrasse 12;;34194E24-BC6E-4B18-AEE9-61728BAC788D;;6698DCFD-D86E-4098-A5A4-DA5B71062093
A7BA96FF-5A88-47F4-9B3D-9B654DE90B3A;;;Sipcam S.p.A.;Via Sempione 195 ;;F8B454C8-29CF-4925-A6F6-DDF75B2DFE64;;BE1D323D-29E4-4570-8618-5463896BE5D2
A7EE3A02-D19D-4F00-809F-EAA382EF68CF;;;CERA CHEM S.A.R.L. ;1 Rue du parc ;;81FE8C9C-9E1F-4FA3-8AB8-F5BF09E6E671;;C3FFE09F-F38F-42B3-8601-CE60DB2A37F5
A833FFD3-4125-4DA3-A6BC-1EFDA87F6386;;;Glatz-Mauthner;Gartenbaupromenade 1 ;;A844F261-5B5B-494D-B1B1-39C56D50ACE1;;29738AA2-5393-438D-BE07-9D6B56D2ACCF
A9064CE9-590A-4B3F-BFBC-91C3635C7A61;;;FytoFend S.A.;Rue Georges Legrand 6 ;;DE611120-5108-4056-9BD3-BBB80959F555;;9E495CC6-2D2C-4E76-B183-8D98611AEBA4
A974C03D-B91C-4DCE-AF78-36543C373421;;;Schneider Formulations Consulting;Moosackerweg 28;;A7CBAD4A-DA4D-4EB0-805A-3B689D0FF573;;6698DCFD-D86E-4098-A5A4-DA5B71062093
AABEA65A-5396-4152-8B5A-277162B59B99;;;Vivagro;5 allée jacques latrille ;;6C0BBB3B-975E-4167-9DC0-F968E1B2E14E;;C3FFE09F-F38F-42B3-8601-CE60DB2A37F5
AAD491E7-FF95-49EE-BD1E-0A576ED9A0BF;;;TOP-L.O.M;Erlachgasse 65 ;;D1C1C9EC-F516-4133-A21C-10B0DC6B3630;;29738AA2-5393-438D-BE07-9D6B56D2ACCF
AB3ABDB8-30D3-4F95-B99A-85CF25DB11CD;;;Celaflor GmbH;Konrad-Adenauerstrasse 30 ;;679DB20C-B75C-4527-BA75-815BD5DB9A6B;0049 6132 78 03 0;56CCE907-F002-4B0C-B948-98299B1FEA6E
AD442666-06A8-4132-83F5-AEDF33E0651D;;;Phoenix-Del S.R.L.;Via Venezia, 9/A ;30131;FEF84D24-17BE-46ED-AD73-A905FEF7FAFB;;BE1D323D-29E4-4570-8618-5463896BE5D2
AD602932-0C2F-4C51-B44D-5A32604330CE;;;Union Invivo;63 Avenue de la Grande Armée ;;8C7CAF97-4CCD-4093-AC28-497AEB6B4C00;;C3FFE09F-F38F-42B3-8601-CE60DB2A37F5
ADE52505-A4C1-4CA6-8573-7D8EF687D9EF;;;OXON Italia SPA;Via Caroccio 8 ;;CA1E2127-E1EF-4839-B0C6-4B704BE3A91E;;BE1D323D-29E4-4570-8618-5463896BE5D2
AE13E45D-F982-4737-AAFE-F648595DFB7B;;;Capiscol SA;160, route de la Valentine ;;BBE66456-6A20-4D87-9780-60E884410DE1;;C3FFE09F-F38F-42B3-8601-CE60DB2A37F5
AE54F4BD-2E4E-4E84-8792-5CE016E3DFF2;;;Sharda Cropchem Ltd.;Dashrathlal Joshi Road, Vile Parle (West) ;;FDAA4A2C-9547-4194-9019-BA8DDE26C985;;CDA1F206-EDB0-40D2-8FF6-15B29EAD6C7F
AF74BCEA-AA42-4DAD-A01F-C925C3B4E66F;;;Nisso Chemical Europe GmbH;Berliner Allee 42 ;;5FF9525E-3934-4DA9-8C52-575C887B826A;;56CCE907-F002-4B0C-B948-98299B1FEA6E
B043905D-CFCF-4692-8F1F-58768211C16A;;;Sharda Hellas Ltd;1 Pavlou Mela Str. ;;82D995A1-F8DD-466B-93D1-1893C31FE840;;C95BE4F8-5218-4C95-9E7C-9B2EC712A45C
B0523241-7DFF-4CC9-847D-E018F2E6C817;;;Mitsui Agriscience Int.;Boulevard de la Woluwe 60 ;;63A06B4C-F976-4B46-89AE-FFCD718E398F;;9E495CC6-2D2C-4E76-B183-8D98611AEBA4
B166A159-5608-4A55-ABCA-344F764BE0F8;;;Endymis;ZI Nord ;BP39;9A5C545C-AB00-4691-A7E0-287428E31D92;;C3FFE09F-F38F-42B3-8601-CE60DB2A37F5
B1B38F44-E7F4-4A7E-907B-5A1D34F74BA0;;;Rust GmbH;Im Büel 8a;104;F63A9A83-08BD-4326-B95B-E3C7D7835499;079 864 70 78  ;6698DCFD-D86E-4098-A5A4-DA5B71062093
B204A61C-BB26-45CD-BBC8-F1F620B3A79D;;;Life Scientific Ltd;Nova UCD Belfield Innovation Park , UCD Belfield ;;24C6315D-A194-4F70-85F0-68BFDBE521F3;;2E460BBE-6A62-40A2-8C1F-F7A7145A42C2
B417E7B7-9AA2-4158-8985-7476D58DE125;;;Makhteshim-Agan Deutschland AG;Strassburger Strasse 4 ;;99C88895-0946-4B77-82E5-67FBA9581A1D;;56CCE907-F002-4B0C-B948-98299B1FEA6E
B42C3E03-CDF7-41B6-BDA8-F77E6D77BC30;;;Green Trade SRL;Via Ormelle 32 ;;AEDDBAA6-CD49-471D-9539-11EB6DE9F091;;BE1D323D-29E4-4570-8618-5463896BE5D2
B439C393-763A-4189-A56C-B45BB99ECFF5;;;Oleon NV;Assenedestraat 2 ;;B78A4CA4-4EF5-4FF4-B5E0-80106729326C;;9E495CC6-2D2C-4E76-B183-8D98611AEBA4
B4605D54-048B-47BD-A35D-AA4E4CC0A85A;;;Agro-Stulln GmbH;Werksweg 2 ;;7F5FD4EC-08C1-4F30-80F1-CB4839CCC153;;56CCE907-F002-4B0C-B948-98299B1FEA6E
B64B7CB3-27EC-40CE-AD62-391A91F665BA;;;Vextachem s.r.l.;Piazza B. Buozzi 9 Sc B ;;94F2FB84-BA51-49B2-B0AD-B6D8AF347705;;BE1D323D-29E4-4570-8618-5463896BE5D2
B6D02110-BE57-4CB2-A244-C4431EA037A3;;;Zapi Industrie Chimiche SPA;Terza Strada 12 ;;029607F7-AF8E-4C6F-B16A-F687D07AB92A;;BE1D323D-29E4-4570-8618-5463896BE5D2
B8BECC01-0F2B-4CEC-B90B-428736EB4B28;;;Aventis CropScience;55, Avenue René Cassin ;CP 310;563C8EF4-D950-4FB8-AAE6-B68086CAE3FB;;C3FFE09F-F38F-42B3-8601-CE60DB2A37F5
B91B367B-93D1-46CF-B713-36CAA96ADCC0;;;Eurobios S.R.L.;Via Papa Giovanni XXIII, 14 ;;AA4C894B-C4FB-4BFA-9F5D-FEF19EA12CCA;;BE1D323D-29E4-4570-8618-5463896BE5D2
B9252490-BBF4-41AA-83B0-65B4638EE8D0;;;Agrosol S.R.L.;Via Matteotti 16 ;;EEFBB445-BF43-4864-ACBF-E53634A7CAE2;;BE1D323D-29E4-4570-8618-5463896BE5D2
BA03EF91-A9B4-4641-9104-2C7B6CA3D0B8;;;Terranalisi SRL;Via Donizetti 2/A ;;0715CA22-C19B-4E84-8B2B-80390D31253A;;BE1D323D-29E4-4570-8618-5463896BE5D2
BA335F63-04DA-49B8-A8D5-1C3020DFBE56;;;Nufarm Pflanzenschutz GmbH & Co KG;St.-Peter-Strasse 25 ;P.O. Box 21;174BD9E6-B685-4FFD-BD6E-5EACE8B42E27;43 70 5918-2313;29738AA2-5393-438D-BE07-9D6B56D2ACCF
BAFDA98C-DBC9-404F-BDF3-0ECEB4308940;;;Copyr S.p.A.;Via dei Giovi, 6 ;;774DEB61-4204-4B25-A182-D1D3D817D7D9;;BE1D323D-29E4-4570-8618-5463896BE5D2
BBF8215C-BE83-412A-9A8C-ED04C5698EA6;;;LC Solutions;12 Rue Jean Monnet, Z A Des Côtes, BP 9 ;;21D6FA81-1A5E-4911-938A-08998EF70118;;C3FFE09F-F38F-42B3-8601-CE60DB2A37F5
BC23BDE7-8072-4E28-829E-1F4638679AC8;;;CBC (Europe) Ltd;Via E.Majorana  2 ;;76E23C1A-E78C-4629-8546-505348F921DC;;BE1D323D-29E4-4570-8618-5463896BE5D2
BC6D7F25-EEA5-499A-B0CE-EFDE3CBB895C;;;Dow AgroSciences B.V.;Via Patroclo, 21 ;;24CC6C91-47DD-4BED-B25C-3177B3140E86;;BE1D323D-29E4-4570-8618-5463896BE5D2
BC7EE08B-7582-439B-B051-04560BE10614;;;ADAMA Agriculture Swiss AG;Spitalstrasse 5;;55BB686D-25DE-42D8-A780-793342D2222E;;6698DCFD-D86E-4098-A5A4-DA5B71062093
BC8927C2-A581-4DC2-ACAF-211DD4172F93;;;AquaJet AG;Leuholz 15;;504B3B1E-C879-408E-94ED-3091FE4E88BB;055 440 99 20;6698DCFD-D86E-4098-A5A4-DA5B71062093
BCCB1CD4-6BE3-4459-B42C-737AA7F494B4;;;Arysta LifeScience Ougrée Production sprl;Rue de Renory, 26/2 ;;EB91F17A-9CDC-4B20-9BD8-6CEAFC80504E;0032 4 385 97 11;9E495CC6-2D2C-4E76-B183-8D98611AEBA4
BD960585-B8EC-495F-B075-FCDC6E99BC22;;;Corteva Agriscience International Sàrl;Route de Suisse 160;;833685B3-B97B-4B2F-B9C7-F8F775D44710;+41 22 717 5868;6698DCFD-D86E-4098-A5A4-DA5B71062093
BD9E43F3-0F8C-4B9F-9541-76AD027341F7;;;Agrifutur Srl, Alfaniello;Via Greina 3;;BD6E6C9E-C1A5-4B8C-A6F6-85509458807A;;6698DCFD-D86E-4098-A5A4-DA5B71062093
BE59117D-FE23-4F62-905E-C5B8F0AB4BCC;;;Fuchshuber Agrarhandel GmbH.;Mühlbachstrasse 151 ;;F3781DD9-F413-4277-89C1-C1265C6FF635;;29738AA2-5393-438D-BE07-9D6B56D2ACCF
BF7D667D-AF56-446F-B702-0ADBCD1FE9E2;;;Dow Agrosciences SAS;371, rue Ludwig van Beethoven ;;458FAC7D-ACD8-482F-B9D4-614D8C89A081;;C3FFE09F-F38F-42B3-8601-CE60DB2A37F5
C1219D22-2E76-4BDB-A0BE-DFA44ED9DF13;;;Promophyt;Qui du general Sarrail ;;DA807872-B8A2-401E-9E7A-40D67D79F880;;C3FFE09F-F38F-42B3-8601-CE60DB2A37F5
C1E541C9-A0C5-472E-A189-B73B35C1840C;;;Albaugh TKI d.o.o.;Grajski trg  21;;AC640A97-7CCF-4205-BBE3-9B8D8A2362AA;;70D1C2D0-F04E-47F3-9969-6F8D8B82FF2C
C2068A78-C038-4454-88FA-ECE1C0F7E8CA;;;Oxon SPA;Strada Sempione 21 ;;49F0D2AE-E562-41D1-9C79-A83EB6AAB634;;BE1D323D-29E4-4570-8618-5463896BE5D2
C254059E-C98D-4551-AFD9-AA7A90FA6BC1;;;Bayer S.p.A.;Viale Certosa 126-130 ;;915F354B-A91D-44C8-8375-150A821A01BF;;BE1D323D-29E4-4570-8618-5463896BE5D2
C3426F9D-9A0B-44B6-A624-08F8530AC297;;;Austrital;Rua Trinta e Um de Janeiro, 80 A 5°E ;;A824AC50-5FD0-41F7-AE9B-23F3500E2358;;56CCE907-F002-4B0C-B948-98299B1FEA6E
C4C0FDF6-252C-4596-A769-664BA001C571;;;Gobbi L. S.R.L.;Via B.Bosco 57/3 ;;FB582DA9-E1A6-462C-9CDD-E03FD73D5135;;BE1D323D-29E4-4570-8618-5463896BE5D2
C5D84390-95B5-4C1C-83DF-5A768935B07B;;;W. Neudorff GmbH KG;Otto-Brenner-Str. 13-15 ;;302D69B3-5AD7-404A-B510-B08459F48368;;56CCE907-F002-4B0C-B948-98299B1FEA6E
C5F03024-B0F4-4FCC-95F2-B5FE30612ABB;;;Guaber;Via P.Gobetti 4 ;;1C1EF006-CB65-45AF-8414-FA2A3ADDDBEA;;BE1D323D-29E4-4570-8618-5463896BE5D2
C6E0547B-AA8D-469C-A459-F5770F34C3BE;;;Cemag Handels AG;Fellstrasse 1;;81BED59C-CAD0-4B15-B302-D1005AAAFB75;;6698DCFD-D86E-4098-A5A4-DA5B71062093
C6FB5DD9-B9BE-45AD-9564-CA168F286AE2;;;BASF AG; ;PF 120;0F92FC88-242C-4E31-A65C-E5C93E21E666;;56CCE907-F002-4B0C-B948-98299B1FEA6E
C728938F-0E92-43A7-8CC0-8A00F32E7D1C;;;Bayer CropScience GmbH; ;;84626811-0C47-493B-A297-5820B49C2F08;;56CCE907-F002-4B0C-B948-98299B1FEA6E
C79DB47D-90A4-4B4D-8337-0677B64FAD81;;;FMC AGRO ITALIA S.R.L.;Via F.lli Bronzetti ;32/28;0816739E-97E6-43CA-A673-4326F450A92E;;BE1D323D-29E4-4570-8618-5463896BE5D2
C83AB6CE-B688-41FF-80BC-3978DE7BDED1;;;MANICA;Via dell'Adige, 4 ;;6ABA74D7-CD19-403A-A9CE-B6286D9FE2A7;;BE1D323D-29E4-4570-8618-5463896BE5D2
C919E1E0-76E5-42D0-9D46-CD70AE3AA012;;;Florissa Handels- und Produktions-GmbH;Gewerbestrasse 13 ;;A24F9BAA-0491-4E46-A899-17425F5012AB;;29738AA2-5393-438D-BE07-9D6B56D2ACCF
C92D242D-B19A-4CF1-8FE4-5428CC9BD8B4;;;Novartis Agro GmbH;Liebigstrasse 51-53 ;Postfach 110353;ADA01283-3234-447F-BD2E-1AAA4D376EE8;;56CCE907-F002-4B0C-B948-98299B1FEA6E
C93D8141-F1E7-4EF5-BA5C-4AA99B00D39F;;;Danstar Ferment AG;Poststrasse 30;;7BC74FF1-3401-4E37-B1AE-9E0391BEB8E1;+358 (0)50 543 5547;6698DCFD-D86E-4098-A5A4-DA5B71062093
CADB9ACB-25B5-40D0-B3AE-D643832AE795;;;FMC Agro Austria GmbH;St. Peter Gürtel 8 ;;9338E7F8-F1FE-4E39-AF4B-69246B83B7E3;;29738AA2-5393-438D-BE07-9D6B56D2ACCF
CAE7F822-5974-4BBB-ABF6-D6BFF9D9DEFA;;;Agrevo;Piazzale Stefano Turr 5 ;;CAAD0CA8-3B6C-4E79-9082-0778314D02F0;;BE1D323D-29E4-4570-8618-5463896BE5D2
CB0F961F-AEC2-4327-94E5-07ACBFFA38AF;;;Blaser Swisslube AG;Winterseistrasse 22;;1E3D2663-3643-49E7-B740-09C59BA1B8BE;034 460 03 05 ;6698DCFD-D86E-4098-A5A4-DA5B71062093
CB4021B4-9461-4E27-B531-62DAA0F144A1;;;Agrimotion Deutschland Gmbh;Carl-Diem-Str. 3 ;;A052E139-CE3B-43CD-951E-F5CB6B89BA50;;56CCE907-F002-4B0C-B948-98299B1FEA6E
CB54DDAA-9233-476F-A0D7-E9B29B9BC755;;;industrias químicas del vallés, s.a.;Av. de Rafael Casanova, 81 Molle del Valles ;;D197ED59-9257-47D9-896C-1E7BC5F463BD;;BEB87459-DB4C-4C85-84EB-BEF7C6E012EF
CB663D29-7B60-4FE5-A9E0-3AB1323D2B24;;;Makhteshim Agan France E.u.r.l.;"Immeuble ""Le Seine Saint-Germain"", 12, bd des Iles ";;7A61FFB6-35A3-4F24-8FF3-547182E0E3EE;;C3FFE09F-F38F-42B3-8601-CE60DB2A37F5
CD1520D1-4C7E-4134-A4DF-F7BABB1F1D5A;;;Racroc AG;Industrie Birren 30;;5E89D53F-7663-4B3A-8787-D221E7809298;062 893 28 83;6698DCFD-D86E-4098-A5A4-DA5B71062093
CD1FD0B8-90D8-4032-8262-35F0CC309AD0;;;BASF Aktiengesellschaft;Carl Bosch Strasse 38 ;;EE8C4788-7C7C-41FA-B777-99E5B28B380A;;56CCE907-F002-4B0C-B948-98299B1FEA6E
CD93C7F8-43B9-4EE9-B319-5277F2A417A3;;;Agro Trade GMBH;Bärweiler Strasse 55 ;;7366BD3C-6752-41DD-B371-5243AB553C6D;;56CCE907-F002-4B0C-B948-98299B1FEA6E
CDFC9144-89C5-4E23-8240-428D081EEA09;;;Monsanto agricoltura Italia S.p.A.;Via San Colombano, 81A ;;F8E7F369-9267-41FB-9600-470F6F6FE314;;BE1D323D-29E4-4570-8618-5463896BE5D2
CEB15E83-7A70-4DF6-818E-E3FCAC9D976A;;;UPL Benelux B.V.;Claudius Prinsenlaan 144 a, ;;ABCAFC74-3660-4D2D-8D90-C8401C695618;;51F6122D-47EC-4051-97CC-01D7CF8E4758
CF9492D2-E327-4C3E-9A83-9A223EDE3054;;;Agriplex;25 Rue de Ponthieu ;;1CB7774E-5437-46B8-AA2C-2E03074BEE81;;C3FFE09F-F38F-42B3-8601-CE60DB2A37F5
CFF74E94-F3AA-43B8-83DA-2DEB1C8133EE;;;AGFS Switzerland GmbH;Bahnhofstrasse 70;;E8045F60-46C0-4253-9865-C2F5CF5BF916;;6698DCFD-D86E-4098-A5A4-DA5B71062093
D02462CD-ECDF-4FFF-9038-BDD0EA2C77F6;;;Kollant;Via C.Colombo 7 ;;D77E8C12-43C9-4A53-8B7B-1342A042F518;;BE1D323D-29E4-4570-8618-5463896BE5D2
D08EC8EA-1656-4776-8700-2B2184F2D144;;;Westfalen Gas Schweiz GmbH;Sisslerstrasse 11;50;F5325EA8-D800-46A1-8917-18DAF3A244BD;;6698DCFD-D86E-4098-A5A4-DA5B71062093
D161CF15-98F9-4621-8F45-72BB0F2A4EE8;;;Nufarm SA;28, boulevard Camélinat ;BP75;9A427F5A-4360-4499-9CC5-90BEB384175E;;C3FFE09F-F38F-42B3-8601-CE60DB2A37F5
D1C1EB21-22EA-448D-925B-C8A8DD6BCEAA;;;ZEP Industries;Route de Fribourg 12 ;;75707A8F-0845-46FB-83CD-95D2FF05A535;026/465 14 50;6698DCFD-D86E-4098-A5A4-DA5B71062093
D26053B1-F057-46F5-A39E-30F23FF26024;;;Barclay Chemical Ltd.;Tyrellstown Way, Damastown industrial Park, Mulhuddart ;;0E5879CA-A5CF-4BEE-8896-656E716FBBBE;;2D1A1C1B-2F41-4A9B-90CA-ED5AFEF79821
D28B0161-74CE-40DB-8251-E0273FF90F80;;;Industrias Afrasa S.A;Pol. Ind. Fuente del Jarro, Ciudad de Sevilla, 53 ;;FCADF922-A28C-48BD-AFC4-6E055215BBA2;;BEB87459-DB4C-4C85-84EB-BEF7C6E012EF
D2E3510E-D1C2-4188-A1C4-67ECA0530B2E;;;CEREXAGRI Italia SRL;Via Rosselli Fratelli 14 ;;CD5552BF-0BD8-456A-98EA-E7B8DF5DE78A;;BE1D323D-29E4-4570-8618-5463896BE5D2
D3356CD4-3EE5-4467-9852-B865EC61F4E4;;;Flexagri;21, avenue Eugène Gazeau ;;F57B66E0-A45B-4DA1-984F-30F456ABB1A8;;C3FFE09F-F38F-42B3-8601-CE60DB2A37F5
D37FB52F-E8FD-482E-8609-254207226089;;;BASF Schweiz AG;Klybeckstrasse 161;;09740CC6-07DA-4944-B019-8077A865CA8B;;6698DCFD-D86E-4098-A5A4-DA5B71062093
D38ACFCB-C55E-4D41-8D9C-B8299BA92D7D;;;Sofbey SA;Via San Martino    16 a;;4BBCDE56-225C-4FD9-B521-90A134E48047;091 223 10 90;6698DCFD-D86E-4098-A5A4-DA5B71062093
D52843E7-E938-485C-82AF-2E10C2DDE796;;;Eurofyto;Industrielaan 6 B ;;20A90BF7-FBB5-46F6-928A-949E9363E900;;9E495CC6-2D2C-4E76-B183-8D98611AEBA4
D54E460C-7143-4A42-B51D-C993219E6F97;;;Ares Europe Ltd;Vierhuysen 50 ;;FBC88918-18C7-4E50-9A97-F99A2942C73B;;51F6122D-47EC-4051-97CC-01D7CF8E4758
D6097D20-A99D-4999-829B-63AF6340D81D;;;DU PONT DE NEMOURS (FRANCE) S.A.;137, Rue de l'université ;;F58B8662-8A19-4986-B16D-0F2A21196E7C;;C3FFE09F-F38F-42B3-8601-CE60DB2A37F5
D6165DD0-2499-423F-8389-892FAD33F1AB;;;Gamma International S.R.L.;via Francesca Est 81 ;;7C08C8FB-C627-4010-B698-E530665F111A;;BE1D323D-29E4-4570-8618-5463896BE5D2
D6D16C61-DC28-412C-95EF-255287481281;;;Valent Biosciences;PARC D'AFFAIRES DE CRECY 2, RUE CLAUDE CHAPPE ;;B6D3691C-651A-48B6-BA9D-1265F3FF7AE2;;C3FFE09F-F38F-42B3-8601-CE60DB2A37F5
D70042BC-95A6-4362-B204-8ECE2D0FDA01;;;Detia Freyberg GmbH;Dr.-Werner-Freybergstr. 11 ;;E32DE4B6-5513-4C3D-BD86-6CFB884B44A1;;56CCE907-F002-4B0C-B948-98299B1FEA6E
D71F681F-416A-4CDE-A242-409E1EB93B9D;;;Sinon Corporation DE;Im Alten Dorfe ;37;A52569A4-0256-4666-9907-1011BD677B2E;;56CCE907-F002-4B0C-B948-98299B1FEA6E
D73555AB-73C9-4623-A7D6-2761B778DF54;;;Scotts France SAS;B.P. 92 ;;2A4FE965-D0F8-4DDB-B510-1A458B337E8F;;C3FFE09F-F38F-42B3-8601-CE60DB2A37F5
D793398D-E32C-4211-8BCF-3B64DCFC97C8;;;Stefes Pflanzenschutz GmbH; ;P.B. 1450;6DE22686-52AA-4BCE-89BE-24C697944A88;;56CCE907-F002-4B0C-B948-98299B1FEA6E
D7EDD8E3-AA53-4E77-AA50-F3BB3DD6C128;;;fenaco Genossenschaft - AGROLINE;Erlachstrasse 5;;BD9907D7-574E-4103-BB7C-055A6EA8D1F2;;6698DCFD-D86E-4098-A5A4-DA5B71062093
D8E43CCB-56FB-4FDC-A8D4-8249931D0271;;;Koppert Deutschland GmbH;Gewerbestrasse 12;;BE5935D4-5DA5-4313-B1A6-38B4D97BA6D1;;6698DCFD-D86E-4098-A5A4-DA5B71062093
DA328AA5-4954-4E25-A00D-8DE7279545C0;;;Oxadis;L'isle d'Abeau-Parc de Chesnes, 65 rue de Luzais, BP 37 ;;DFB1E739-7EE7-4001-8736-1AE8A82A6080;;C3FFE09F-F38F-42B3-8601-CE60DB2A37F5
DA44DD9C-E16D-494A-955B-ACC5370BD0A3;;;Kregliner Europe nv;Grote Mark ;7;F02D377D-B7F2-4B3D-B813-1C86DD591B0F;;9E495CC6-2D2C-4E76-B183-8D98611AEBA4
DA548FE9-0512-425C-B910-EF7CD997758A;;;Agrocare Chemicals KFT ;Patak setany 140, 2090 Remeteszolos, HU ;140;0F1D8DD4-CAB5-49A9-8BE7-A5D18875DAD4;;95635AEB-5EBB-4948-9595-6894B4AC0773
DB6D28FB-F4B4-4E3B-9FB0-025A410D38D1;;;Ascenza Agro S.A.;Avnida do Rio Tejo, Herdade das Praias ;;8F6E5DF5-86FA-49B4-A9EE-166276906D09;;E815A08E-A569-4408-9C31-20A1702B0FDA
DC3E1E8D-9E6B-4080-A79F-19B5F3E4F42D;;;Eric Schweizer AG;Maienstrasse 8  ;;C0E75FE4-D009-49E2-BCE9-8EDD4EF7CF7D;033 227 5722    ;6698DCFD-D86E-4098-A5A4-DA5B71062093
DC9FA7A1-39C8-4109-A84E-5453E77231C6;;;L. Gobbi s.r.l.;Via Vallecalda 33 ;;8685A872-5FC1-4C41-B711-6BF4FA5D81F3;;BE1D323D-29E4-4570-8618-5463896BE5D2
DCA3434F-D434-4F04-A117-75356B1704A4;;;Jouffray;4 av.de la C.E.E., RN 147 - La Cour d'Hénon ;;40276883-0B05-496C-8FE6-D7B45F92407F;;C3FFE09F-F38F-42B3-8601-CE60DB2A37F5
DCE9B84C-BFF6-40E0-8DED-B0FDAF578D82;;;Amreco AG;Postfach 109 ;;AA83B908-6C63-4953-803B-4B0F7786E5C9;032 621 69 70;6698DCFD-D86E-4098-A5A4-DA5B71062093
DEB34954-BAF4-4C88-A805-A7EB6C42F20A;;;Dott. Antonio Boracchini;Via Martiri di Pizzocalvo ;;E7428BD2-7212-43DE-855C-145F0A725302;;BE1D323D-29E4-4570-8618-5463896BE5D2
DEB8F47D-C0DD-4E2F-8741-979631CD559C;;;Agrotech Trading;An der Bahn 5 ;;110FB3FF-5A16-4CED-B9B9-B270AD6DE6D0;;29738AA2-5393-438D-BE07-9D6B56D2ACCF
DF50D39B-AB4F-44A0-8443-3047A3E658BE;;;Bayer SAS;16, rue Jean-Marie Leclair - CS 90106 ;;275EC287-0D63-403B-8EBC-D7CF85272377;;C3FFE09F-F38F-42B3-8601-CE60DB2A37F5
DFBBC37D-58E5-439A-9702-7490079AC139;;;Chemia S.P.A.;Via Statale, C.P.7 327;;5B313C00-16C8-497E-A8F9-E09109A331CC;0 532 845085;BE1D323D-29E4-4570-8618-5463896BE5D2
E17C2B0D-EDDD-4ED3-978A-9480006553CC;;;Genetti GmbH / S.r.l.;Via Parini 4/A ;;411BCEF7-751B-4162-88EE-246B5F980FDE;;BE1D323D-29E4-4570-8618-5463896BE5D2
E1AC7449-45E0-4BCC-A34C-AD4B91110785;;;Aseptan;Z.A. Les grandes Raies ;;483A7297-EC94-486F-9A3E-18CA8C93FD6D;;C3FFE09F-F38F-42B3-8601-CE60DB2A37F5
E28010D8-1912-42D1-B4F4-708B2399511E;;;Agrinorm Limited;Suite 2, Portland House, Glacis Road ;;9FB6EE06-B0B2-481E-BE8F-1BD5BC1A98C5;;DAC731AC-BB70-4164-B500-83559938B481
E2B788E9-F3EE-4E72-96FA-BE608B2AB14E;;;Corteva Agriscience France S.A.S;Rue de Wittelsheim 82;B.P. 90149;604B2785-0A52-4D67-8C65-3DE4909706E3;;C3FFE09F-F38F-42B3-8601-CE60DB2A37F5
E3EAA9BF-5E7B-4B67-8A37-22A858C7C12F;;;BAM di Benazzi e Uttini s.n.c.;Via nouva Selice,20 ;;783C0207-F6F2-42FA-8865-66AC26361C0D;;BE1D323D-29E4-4570-8618-5463896BE5D2
E4D8D270-F2D3-43F2-B3B6-82624ECB1937;;;Segetis;Chemin des Hauts-Crêts  191-193;CP 24;E8EDCDFC-C840-44C9-B060-F92279EDB0B6;022 750 02 30;6698DCFD-D86E-4098-A5A4-DA5B71062093
E59D25D9-6C78-41E5-A1EF-E04FF09060B3;;;CYANAMID France Division;14, chemin du Professeur-Deperet ;;7B0CFF5B-F8CB-4DE6-8CB9-BEFCE08E4977;;C3FFE09F-F38F-42B3-8601-CE60DB2A37F5
E605E91C-9865-4598-AD20-4B4FE5E439E2;;;Compo Austria GMBH;Hietzinger Hauptstrasse 119 ;;A50843E0-E0CA-4244-9EC4-2AA61B36670C;;29738AA2-5393-438D-BE07-9D6B56D2ACCF
E63FCB45-1B9D-430B-A148-558D4464BC86;;;New Agri;Via Aterno, 30 ;;39A3E575-CD8A-4441-BD92-1E562C6AED33;;BE1D323D-29E4-4570-8618-5463896BE5D2
E64ABD75-AAC4-4C1F-B4CE-97763731329E;;;Euro-Appro; ;;628B0C18-E1C3-4F01-B3BD-E6329DD35A8F;;C3FFE09F-F38F-42B3-8601-CE60DB2A37F5
E6A0AECB-A699-477C-93FC-3070BA136714;;;Du Pont de Nemours (Belgium);Antoon Spinoystraat 6 ;;9C9A4E19-42D0-4926-9AE8-3F7BE0359754;;9E495CC6-2D2C-4E76-B183-8D98611AEBA4
E6E1504F-2309-4B3A-BA22-932FAE879092;;;Hermoo Belgium NV;Zepperenweg 257 ;;FF2C8D0B-D2E6-4511-AFCE-E8D3611E7847;;9E495CC6-2D2C-4E76-B183-8D98611AEBA4
E743F8AF-906B-4F2D-8CFF-797A1EE521A9;;;Sivam S.P.A.;Via Scarlatti 30 ;;9737080C-C1A2-4591-A6AF-75C453D3B343;;BE1D323D-29E4-4570-8618-5463896BE5D2
E756FB88-560A-4E5F-9A5E-4A95857CEAA7;;;Compo France SAS;Philippe Coutin, Zone industrielle ;;FC3548E8-20B0-42B3-9F33-3E753525E9CD;;C3FFE09F-F38F-42B3-8601-CE60DB2A37F5
E7574BD1-84C7-4819-8058-F916A9C1A63F;;;TBH Agrochemie GmbH;Grossfeiting 16a ;;A510FB6D-4722-4462-8242-A5D693B634BE;;29738AA2-5393-438D-BE07-9D6B56D2ACCF
E832C699-2587-41F9-909E-F7C363270208;;;LTT Crops LTD;Stasinou & Boumpoulinas 3 ;;D1C1B110-2A63-4AAD-8203-F294F0267329;;FB4131DC-DCA0-4E96-9664-E1D2484E4306
E99A9FEC-68DF-4311-85C9-0B3CA1FF72FE;;;Bayer (Schweiz) AG;Peter-Merian-Strasse 84;;CC8B2132-F96B-4042-B3DA-7A2A25B515C9;031 869 16 66;6698DCFD-D86E-4098-A5A4-DA5B71062093
E9B180EA-0041-4A07-A2D6-3D7649501FF0;;;I.B.G. S.R.L.;Via B. Bosco 57/3 ;16121;4538CBF6-E701-4BD4-98B9-C811DC08A284;;BE1D323D-29E4-4570-8618-5463896BE5D2
EA95D273-4342-44C3-9CDF-3B5EA34F6396;;;Logissain;Z.I. Argiésans ;;AE018FE6-8245-43DC-841C-BB38892B6BD1;;C3FFE09F-F38F-42B3-8601-CE60DB2A37F5
EAF6DF7B-6DD2-4329-B830-0A6995C8C832;;;Cosaco GmbH;Singapurstrasse 1 ;;5F6D3365-2A21-4F71-9485-65DA68B0DBFF;+49 40 2365 20 ;56CCE907-F002-4B0C-B948-98299B1FEA6E
ED249B21-3380-4D8E-A112-2054AF44416B;;;Proplan Plant Protection Company S.L.;Valle del Roncal 12-1 Pl Oficina N. 7 ;;80A92C29-BE22-4312-B599-FBA1EC6C94B8;;BEB87459-DB4C-4C85-84EB-BEF7C6E012EF
ED606D48-D9A4-4289-B484-77ED93BDB357;;;Compo GMBH;Gildenstr. 38 ;Postfach 2107;D8A48E0F-0820-43BC-A0A4-04C3629E8E4F;;56CCE907-F002-4B0C-B948-98299B1FEA6E
EE43F009-BAF6-46CB-9110-34FB03BF1FA2;;;Landring Weiz Lagerhausgenossenschaft & Co. KG;Marburger Strasse 51 ;;5319870B-01B8-434F-A29E-FEEC03D6FDFC;;29738AA2-5393-438D-BE07-9D6B56D2ACCF
EE919F6B-0749-405A-8F34-5BCDA3AC4A70;;;JT Agro Ltd;1 Bell Street, Maidenhead ;;F6FA8D37-7FE9-4497-BFCF-F14E51636A6D;;A0D7E6EA-CB57-4E37-8FAD-2FCF26F69804
EF113FC9-119F-4EEB-88C3-A17365813B9C;;;Star Agro Deutschland GmbH;Prof.-Reger-Strasse 22 ;;EA924F64-112F-4280-BB4B-CFAA2A8DE29A;;56CCE907-F002-4B0C-B948-98299B1FEA6E
EF9276CE-1A8D-4E3F-A200-E88F2616B7AB;;;Westland Schweiz GmbH ;Rudolf-Maag-Strasse  5;;F0D0C655-191C-4C26-A49D-8B418BABF609;079 557 99 44 ;6698DCFD-D86E-4098-A5A4-DA5B71062093
F01C9228-CDD3-4974-9922-25923B7B210B;;;Magan Italia S.R.L;Via G. Falcone , 13 ;;1F95509C-93D9-4A3E-902F-E558703B05B8;;BE1D323D-29E4-4570-8618-5463896BE5D2
F01EC623-86A5-42D3-979A-6EFA1DB0DC50;;;Linde Gas Schweiz AG ;Industriepark 10;;5CDBCC3F-FB83-4459-A40C-EA71105BE77E;058 748 17 62  mobile 079 322 32 01 ;6698DCFD-D86E-4098-A5A4-DA5B71062093
F05FD7E3-EA3C-46CE-A537-B40375F273AA;;;Andermatt Biocontrol Suisse AG;Stahlermatten 6;;5ED5B7CB-70CC-41BB-865D-5DF19CC490B5;062 917 50 05;6698DCFD-D86E-4098-A5A4-DA5B71062093
F06DBABB-473D-4BA2-A258-1D6EC5495E76;;;Satec ;Robert-Bosch-Str. 3 ;;AABCCBFF-98EF-4F5D-A7C0-B68B60D32E0A;;56CCE907-F002-4B0C-B948-98299B1FEA6E
F0854220-DB47-400F-A79B-1EAE90A996C6;;;Ste Phyto Sem;RN 10 Villejoubert 081 ;;A8387558-D7B7-4227-8A65-80B3A216C487;;C3FFE09F-F38F-42B3-8601-CE60DB2A37F5
F08A9B6A-CED5-43D1-ABD3-73CCF0D400C2;;;Agrim S.R.L;Strada Maggiore 70 ;;7776D241-D808-4974-950A-AD596DD60344;;BE1D323D-29E4-4570-8618-5463896BE5D2
F0A8AD0C-F8A7-4529-B80C-F7C6B7CFE106;;;ItalAgro S.R.L.;Via Cravero, 110 ;;087569DA-E477-40A3-8524-AFD37C054B6F;;BE1D323D-29E4-4570-8618-5463896BE5D2
F0B7ECDA-3650-4B12-8CB7-9497B95BD52B;;;Saint Hilaire;8 rue Christophe Colomb ;;1CF9948E-B94F-4798-B34E-8FA5413D801D;;C3FFE09F-F38F-42B3-8601-CE60DB2A37F5
F1434AA3-C9B6-41DE-BF69-C693E87CFAF1;;;Agrosel SRL;Via Alfieri 18 ;;BE0C2D32-A8FA-4ECE-A6A9-69B0D7070529;;BE1D323D-29E4-4570-8618-5463896BE5D2
F1524125-C104-4360-AC0D-47A2036FC45A;;;Taminco N.V.;Pantserschipstraat 207 ;;B5492A16-9287-4CA7-ABCF-F584610D256E;;9E495CC6-2D2C-4E76-B183-8D98611AEBA4
F1834AE2-CCBF-41D4-BF78-096CDDC336AF;;;Rohm and Haas Austria GmbH.;Diefenbachgasse 35-41 ;;573139E8-A5CF-4AA1-9E1D-8E829054E5A7;;29738AA2-5393-438D-BE07-9D6B56D2ACCF
F22B11E1-ECBA-4A45-8980-256C5CC6073F;;;Agrichem N.V.;Mons. Eestermansstraat 23 ;;E3D67B49-A422-4B01-A678-2F84CD6126E8;;9E495CC6-2D2C-4E76-B183-8D98611AEBA4
F266967B-5237-47FD-951C-9BC47F899F44;;;Cheminova Agro A/S; ;P.O. Box 9;7EC06D7C-3D04-424A-9D0A-045B1BC15A11;0045 96 90 96 90;02A7B748-C3DE-440D-823E-5303232DB2DA
F2A0A3EE-87D6-4697-BF98-F7FF2535F79F;;;G.Schaufler;Wiesengasse 8 ;;87CA9BFA-4833-4F72-9EE1-1D5414F49070;;29738AA2-5393-438D-BE07-9D6B56D2ACCF
F3148B35-3C53-4CC8-9A3B-972242D3ADA0;;;Fine Agrochemicals Limited;3, The Bull Ring ;WR 2 5AA;32297A43-CBA3-4946-90E8-FF2C6EB249FC;;DAC731AC-BB70-4164-B500-83559938B481
F3323691-BD7D-48CD-9340-4994A28BBC3F;;;Elefant Chemische Produkte GmbH;Ringstrasse 35 - 37 ;;63383C7E-471E-4463-9F9E-81AAC5B9375A;;56CCE907-F002-4B0C-B948-98299B1FEA6E
F3398B14-FE79-4C9A-BCC4-4DE9889E0FDC;;;IFR Associés SA;Rue du Mont-Blanc 9;1468;B60D0C62-FE74-419C-A0DE-094ACFB2F9E8;;6698DCFD-D86E-4098-A5A4-DA5B71062093
F3A61069-695E-4FB3-A528-AC2E354DD1D8;;;Seydoux Grains Sàrl;Le Ferrajoz 4;;3B6DE63C-18D5-4307-A993-C5456ED54218;;6698DCFD-D86E-4098-A5A4-DA5B71062093
F3FE8D14-435C-4F8B-B9CF-42B336FA43E1;;;ICL Italia Treviso srl;Via Monterumici 8 ;;034FA396-3E62-4F0E-A67C-D84904DC11A4;;BE1D323D-29E4-4570-8618-5463896BE5D2
F42A9003-20F5-4B57-B02E-599F42EC7C89;;;BASF SE;Speyerer Straße 2 ;67117;483277E1-CDE5-4FC4-A1F2-928CB0A2B973;;56CCE907-F002-4B0C-B948-98299B1FEA6E
F4A4E0D8-6DC2-4EDD-B90A-C1280B700D01;;;Tilco-Alginure GmbH;Holländerkoppel 1a ;;FE8338CE-80C1-4468-B184-B1B257B74BB0;;56CCE907-F002-4B0C-B948-98299B1FEA6E
F4CF215F-2BBA-412B-BC41-21DBF3C6081E;;;FMC France;bis quai Perrache ;11;BBF1A97F-5D0C-49CB-B483-5CE971858E94;;C3FFE09F-F38F-42B3-8601-CE60DB2A37F5
F55993FC-4748-4645-8ECA-7DF7F9A13783;;;Syngenta Italia S.P.A.;Via Gallarate, 139 ;;A47E38FB-58B9-45FC-8B35-6633C07B72E3;;BE1D323D-29E4-4570-8618-5463896BE5D2
F56BB0ED-5821-4DC9-B8FC-BF86DC8AFDFD;;;Prochimag di Mandrioli Guiseppe;Via Byron 10 ;;B76376D6-A6FD-4BCF-97D3-9F6763812A08;;BE1D323D-29E4-4570-8618-5463896BE5D2
F57A93CD-3AA9-4D90-87D8-ACAF732C1EF1;;;RHÔNE-POULENC Jardin;55, avenue René Cassin ;CP 219;F0CE69F0-F19F-40AC-8F3B-7B11EEE8C41E;;C3FFE09F-F38F-42B3-8601-CE60DB2A37F5
F5A520C6-4CA6-4DAC-9892-DA88CCD0951B;;;Agricoltura Italia;Corso Umberto Ix 92 ;;F73EB628-2C0B-437C-B993-57A0FD102042;;BE1D323D-29E4-4570-8618-5463896BE5D2
F5ED6854-80CA-411E-AC62-FE31C7179337;;;Bayer CropScience S.A.;14-20 Rue Pierre Baizet ;;6FCE7F18-9522-45D6-BAB4-C19F72403B54;;C3FFE09F-F38F-42B3-8601-CE60DB2A37F5
F881323A-8365-4B01-B457-79E277CA935B;;;Inter-Trade A/S;Aalevej 9 ;;C19D2F47-5F43-4DC5-AFD6-018032C90091;;02A7B748-C3DE-440D-823E-5303232DB2DA
F9CB71B1-821C-484A-848F-C7B838C9E9EB;;;Adama France SAS;33 Rue de Verdun ;;FE05A2F7-16C6-48D7-A607-96AB2AF345BE;;C3FFE09F-F38F-42B3-8601-CE60DB2A37F5
FA408835-F8E4-4D00-BB31-938DE9698348;;;Rhone-Poulenc AGRO GmbH;Emil-Hoffmann-Str. 1a ;;6BD025B0-7B75-40CE-A4EF-825D94D3D179;;56CCE907-F002-4B0C-B948-98299B1FEA6E
FAEB850E-0B1B-45D7-A042-3A8A6962E67C;;;Agrostar SARL;Rte. D'Echternac 15 ;;76F171BF-1764-409D-B984-845C5851B042;;C9DE192C-796F-4B51-BEDE-4B2CBAB63A5F
FB08DC93-986D-4153-BFAC-F5A50ACBF967;;;Siapa S.R.L.;Centro uffici San Siro Fab. D'Ala 1, Via Caldera 21 ;;7314989D-27F3-4713-B7BE-9E56356C8A6C;;BE1D323D-29E4-4570-8618-5463896BE5D2
FB12E55E-FF48-40C4-BB7C-5CFDACA8EF3B;;;S.A.G.A.  SA;Zone Industrielle de Rouvroy ;;C7003D18-3A6F-4924-BF63-64C027607F91;;C3FFE09F-F38F-42B3-8601-CE60DB2A37F5
FB53BB8E-8838-4BB2-ACF0-65B5523F31B4;;;Bayer CropScience AG; ;;753882CB-233C-4020-8631-1EF3ECFA49A8;0049 69 305 3763;56CCE907-F002-4B0C-B948-98299B1FEA6E
FB8A3370-44B1-4FD3-B24F-49F362C77A83;;;FMC Agricultural Solutions A/S;Thyboronvej 78 ;;41C49172-0DC8-4D9D-ADC9-1499A884E958;;02A7B748-C3DE-440D-823E-5303232DB2DA
FC969989-9163-408B-90EE-811D1ACA088C;;;Sharda Europe b.v.b.a.;Heedstraat 58 ;;10642F81-5DED-4D34-8DC9-776BBFE8E7F0;;9E495CC6-2D2C-4E76-B183-8D98611AEBA4
FD5E7C37-270B-45BB-919B-DDB2FC1D8441;;;Agform;Maidestone Heath Blundell Lane ;;5FDB36F4-796F-468F-AA08-39ED8E572DAE;;DAC731AC-BB70-4164-B500-83559938B481
FDBC50B6-6452-459B-863E-74CC09BEA55C;;;Feinchemie Schwebda GmbH;Strassburger Strasse 5 ;;CBAC1FFF-B612-4DAE-AC77-A1DDD36737EE;;56CCE907-F002-4B0C-B948-98299B1FEA6E
FE30ADE9-FC5C-4C46-B4C7-0B583C7569DA;;;SBM Life Science SA;Rue des Pilettes 3;;BCB1E4AD-8F6F-4F8E-8514-4050D546F8BA;;6698DCFD-D86E-4098-A5A4-DA5B71062093
FF21DE18-8617-453D-B405-444FF3251247;;;Amstutz-Produkte AG;Luzernstrasse 11 ;;8FED4B93-C17D-412A-9728-BFAAC065137B;041 448 14 41;6698DCFD-D86E-4098-A5A4-DA5B71062093
FF482DC0-DAC1-48A8-8B42-4120C4BDA2E6;;;Tessenderlo Groupe;rue du Trone 130 ;;5CE27CCD-6C46-440F-B7C1-2396604387F8;;9E495CC6-2D2C-4E76-B183-8D98611AEBA4
FF5434F6-1F6C-4096-9CD5-A654F3DE7B7B;;;Oro Agri International Ltd;Bankastraat 75 ;;0C61280D-6F40-4F38-B73A-D4B32776A857;;51F6122D-47EC-4051-97CC-01D7CF8E4758
FFDD1F4B-FD24-4C72-9DE1-8C3430D82F2C;;;Auschem Ltd;Celtic House, 3FI Victoria S.Douglas ;;020DECCF-0CE3-4750-81D6-C3722E89F53F;;DAC731AC-BB70-4164-B500-83559938B481
FFFBA80C-CD37-485B-BB13-4DA15F2DFC8A;;;DANAGRI; ;;43108203-FA86-4993-9F90-E947EC90C16A;;02A7B748-C3DE-440D-823E-5303232DB2DA
